Gene,Non-unique Gene name,Annotation,Number_pos_present_in,Number_neg_present_in,Number_pos_not_present_in,Number_neg_not_present_in,Sensitivity,Specificity,Odds_ratio,Naive_p,Bonferroni_p,Benjamini_H_p,Max_Pairwise_comparisons,Max_supporting_pairs,Max_opposing_pairs,Best_pairwise_comp_p,Worst_pairwise_comp_p
hsdR,,HsdR,0,128,409,0,0,0,0,2.07E-127,1.21E-123,1.21E-124,1,0,1,1,1
group_2433,,Putative uncharacterized protein,0,128,409,0,0,0,0,2.07E-127,1.21E-123,1.21E-124,1,0,1,1,1
rloA,,RloA,0,128,409,0,0,0,0,2.07E-127,1.21E-123,1.21E-124,1,0,1,1,1
group_3558,cysC,Putative adenylylsulfate kinase,0,128,409,0,0,0,0,2.07E-127,1.21E-123,1.21E-124,1,0,1,1,1
group_3548,,RloB,0,128,409,0,0,0,0,2.07E-127,1.21E-123,1.21E-124,1,0,1,1,1
group_3008,,Putative uncharacterized protein,0,128,409,0,0,0,0,2.07E-127,1.21E-123,1.21E-124,1,0,1,1,1
group_3560,,Putative uncharacterized protein,0,128,409,0,0,0,0,2.07E-127,1.21E-123,1.21E-124,1,0,1,1,1
group_3561,,"Transcriptional regulator, putative",0,128,409,0,0,0,0,2.07E-127,1.21E-123,1.21E-124,1,0,1,1,1
group_3562,,Putative uncharacterized protein,0,128,409,0,0,0,0,2.07E-127,1.21E-123,1.21E-124,1,0,1,1,1
group_3570,,Cj81-027,0,128,409,0,0,0,0,2.07E-127,1.21E-123,1.21E-124,1,0,1,1,1
group_3012,,Putative uncharacterized protein,0,127,409,1,0,0.78125,0,8.48E-125,4.97E-121,3.82E-122,1,0,1,1,1
hsdS,,Putative type I specificity subunit HsdS,0,127,409,1,0,0.78125,0,8.48E-125,4.97E-121,3.82E-122,1,0,1,1,1
group_3559,,hypothetical protein,0,127,409,1,0,0.78125,0,8.48E-125,4.97E-121,3.82E-122,1,0,1,1,1
group_447,,Putative uncharacterized protein,0,125,409,3,0,2.34375,0,2.39E-120,1.40E-116,1.00E-117,1,0,1,1,1
group_1617,,Putative uncharacterized protein,2,126,407,2,0.488997555,1.5625,7.80E-05,1.40E-118,8.22E-115,5.48E-116,1,1,1,1,1
group_440,,Tgh073,0,124,409,4,0,3.125,0,2.47E-118,1.45E-114,9.05E-116,1,0,1,1,1
group_3547,,Putative periplasmic protein,0,122,409,6,0,4.6875,0,1.41E-114,8.29E-111,4.88E-112,1,0,1,1,1
group_802,,Putative peptidase,10,128,399,0,2.444987775,0,0,1.02E-112,5.99E-109,3.15E-110,1,0,1,1,1
dam,,Putative uncharacterized protein,10,128,399,0,2.444987775,0,0,1.02E-112,5.99E-109,3.15E-110,1,0,1,1,1
group_977,,"Non-heme iron protein, hemerythrin family",6,126,403,2,1.466992665,1.5625,0.000236323,1.11E-112,6.49E-109,3.25E-110,1,1,1,1,1
cysC,,adenylylsulfate kinase,398,0,11,128,97.31051345,100,inf,1.29E-111,7.57E-108,3.29E-109,1,1,0,1,1
group_1590,,Putative uncharacterized protein,11,128,398,0,2.689486553,0,0,1.29E-111,7.57E-108,3.29E-109,1,0,1,1,1
group_1996,,Putative uncharacterized protein,11,128,398,0,2.689486553,0,0,1.29E-111,7.57E-108,3.29E-109,1,0,1,1,1
group_2437,,radical SAM domain-containing protein,1,121,408,7,0.244498778,5.46875,0.000141792,1.01E-110,5.91E-107,2.46E-108,1,1,1,1,1
group_2446,,RlfA,12,128,397,0,2.93398533,0,0,1.51E-110,8.83E-107,3.53E-108,1,0,1,1,1
group_1235,aas,"2-acylglycerophosphoethanolamine acyltransferase/acyl-acyl carrier protein, putative",0,117,409,11,0,8.59375,0,3.26E-106,hmm,7.34E-104,1,0,1,1,1
hsdM,,"type I restriction-modification system, M subunit",0,116,409,12,0,9.375,0,1.14E-104,6.70E-101,2.39E-102,1,0,1,1,1
group_3602,,hypothetical protein,0,116,409,12,0,9.375,0,1.14E-104,6.70E-101,2.39E-102,1,0,1,1,1
group_378,,Putative uncharacterized protein,386,0,23,128,94.37652812,100,inf,1.79E-100,1.05E-96,3.38E-98,1,1,0,1,1
group_2413,,integral membrane protein,23,128,386,0,5.623471883,0,0,1.79E-100,1.05E-96,3.38E-98,1,0,1,1,1
group_2976,,"Lipoprotein, putative",23,128,386,0,5.623471883,0,0,1.79E-100,1.05E-96,3.38E-98,1,0,1,1,1
group_3567,,hypothetical protein,0,112,409,16,0,12.5,0,8.41E-99,4.93E-95,1.54E-96,1,0,1,1,1
group_972,,"capsular biosynthesis sugar kinase, putative",408,15,1,113,99.75550122,88.28125,3073.6,3.48E-98,2.04E-94,6.19E-96,1,1,1,1,1
group_1111,,Oxygen-insensitive NAD(P)H nitroreductase / Dihydropteridine reductase,26,128,383,0,6.356968215,0,0,4.11E-98,2.41E-94,7.08E-96,1,0,1,1,1
group_2445,pyrC,"dihydroorotase, homodimeric type",27,128,382,0,6.601466993,0,0,2.36E-97,1.38E-93,3.95E-95,1,0,1,1,1
group_2411,,Integral membrane protein,23,125,386,3,5.623471883,2.34375,0.001430052,1.06E-93,6.20E-90,1.72E-91,1,1,1,1,1
group_3571,,Putative uncharacterized protein,40,127,369,1,9.7799511,0.78125,0.000853552,4.68E-86,2.75E-82,7.42E-84,1,1,1,1,1
group_633,,"HAD-superfamily phosphatase, subfamily IIIC",372,2,37,126,90.95354523,98.4375,633.4054054,8.87E-86,5.20E-82,1.37E-83,1,1,1,1,1
rfbC,,putative nucleotide-sugar epimerase-dehydratase,366,1,43,127,89.48655257,99.21875,1080.976744,3.03E-84,1.77E-80,4.55E-82,1,1,1,1,1
group_2,,hypothetical protein,404,22,5,106,98.77750611,82.8125,389.3090909,9.57E-83,5.61E-79,1.40E-80,1,1,1,1,1
group_2323,,diacylglycerol kinase,359,0,50,128,87.77506112,100,inf,1.10E-82,6.44E-79,1.53E-80,1,1,0,1,1
dgkA,,diacylglycerol kinase,50,128,359,0,12.22493888,0,0,1.10E-82,6.44E-79,1.53E-80,1,0,1,1,1
aas,,"2-acylglycerophosphoethanolamine acyltransferase/acyl-acyl carrier protein, putative",409,29,0,99,100,77.34375,inf,3.63E-82,2.13E-78,4.95E-80,1,1,0,1,1
tonB1,,"Ferric siderophore transport system, periplasmic binding protein TonB",356,0,53,128,87.04156479,100,inf,4.56E-81,2.67E-77,6.08E-79,1,1,0,1,1
cjeI,,restriction modification enzyme,355,0,54,128,86.79706601,100,inf,1.54E-80,9.01E-77,1.73E-78,1,1,0,1,1
group_3260,,hypothetical protein,355,0,54,128,86.79706601,100,inf,1.54E-80,9.01E-77,1.73E-78,1,1,0,1,1
exbB,,"Ferric siderophore transport system, biopolymer transport protein ExbB",355,0,54,128,86.79706601,100,inf,1.54E-80,9.01E-77,1.73E-78,1,1,0,1,1
aadK,,Aminoglycoside 6-adenylyltransferase,355,0,54,128,86.79706601,100,inf,1.54E-80,9.01E-77,1.73E-78,1,1,0,1,1
group_2779,,"4-carboxymuconolactone decarboxylase, putative",355,0,54,128,86.79706601,100,inf,1.54E-80,9.01E-77,1.73E-78,1,1,0,1,1
group_3284,,"putative tungstate ABC transporter, periplasmic tungstate-binding protein",355,0,54,128,86.79706601,100,inf,1.54E-80,9.01E-77,1.73E-78,1,1,0,1,1
group_3389,,"Tungstate ABC transporter, periplasmic tungstate-binding protein, putative",54,128,355,0,13.20293399,0,0,1.54E-80,9.01E-77,1.73E-78,1,0,1,1,1
hsdM4,,Type I Restriction Enzyme,54,128,355,0,13.20293399,0,0,1.54E-80,9.01E-77,1.73E-78,1,0,1,1,1
group_3272,,hypothetical protein,353,0,56,128,86.30806846,100,inf,1.68E-79,9.85E-76,1.86E-77,1,1,0,1,1
uxs1,,UDP-glucuronic acid decarboxylase 1,0,96,409,32,0,25,0,1.04E-78,6.09E-75,1.02E-76,1,0,1,1,1
udg,,Putative UDP-glucose 6-dehydrogenase,0,96,409,32,0,25,0,1.04E-78,6.09E-75,1.02E-76,1,0,1,1,1
exoB,,UDP-glucose 4-epimerase,0,96,409,32,0,25,0,1.04E-78,6.09E-75,1.02E-76,1,0,1,1,1
glf,,UDP-galactopyranose mutase,0,96,409,32,0,25,0,1.04E-78,6.09E-75,1.02E-76,1,0,1,1,1
group_3598,omp50,Outer membrane protein,0,96,409,32,0,25,0,1.04E-78,6.09E-75,1.02E-76,1,0,1,1,1
group_1055,,Putative uncharacterized protein,0,96,409,32,0,25,0,1.04E-78,6.09E-75,1.02E-76,1,0,1,1,1
group_2335,,Putative type IIS restriction/modification enzyme,0,96,409,32,0,25,0,1.04E-78,6.09E-75,1.02E-76,1,0,1,1,1
group_1915,,"Ferric siderophore transport system, biopolymer transport protein ExbD",355,1,54,127,86.79706601,99.21875,834.9074074,3.85E-78,2.26E-74,3.70E-76,1,1,1,1,1
group_1483,,small hydrophobic protein,350,0,59,128,85.57457213,100,inf,5.54E-78,3.25E-74,4.78E-76,1,1,0,1,1
group_2755,,putative cyclopropane-fatty-acyl-phospholipid synthase,350,0,59,128,85.57457213,100,inf,5.54E-78,3.25E-74,4.78E-76,1,1,0,1,1
cfa,,Cyclopropane-fatty-acyl-phospholipid synthase,59,128,350,0,14.42542787,0,0,5.54E-78,3.25E-74,4.78E-76,1,0,1,1,1
group_2436,,Putative uncharacterized protein,59,128,350,0,14.42542787,0,0,5.54E-78,3.25E-74,4.78E-76,1,0,1,1,1
group_2439,,hypothetical protein,59,128,350,0,14.42542787,0,0,5.54E-78,3.25E-74,4.78E-76,1,0,1,1,1
group_2440,,AlgI,59,128,350,0,14.42542787,0,0,5.54E-78,3.25E-74,4.78E-76,1,0,1,1,1
group_3550,,hypothetical protein,59,128,350,0,14.42542787,0,0,5.54E-78,3.25E-74,4.78E-76,1,0,1,1,1
rclA,,putative pyridine nucleotide-disulfide oxidoreductase RclA,354,1,55,127,86.55256724,99.21875,817.4181818,1.27E-77,7.45E-74,1.08E-75,1,1,1,1,1
group_2096,,hypothetical protein,353,1,56,127,86.30806846,99.21875,800.5535714,4.14E-77,2.43E-73,3.47E-75,1,1,1,1,1
group_734,,hypothetical protein,348,0,61,128,85.08557457,100,inf,5.38E-77,3.15E-73,4.44E-75,1,1,0,1,1
group_251,,hypotehtical protein,344,0,65,128,84.10757946,100,inf,4.45E-75,2.61E-71,3.63E-73,1,1,0,1,1
group_1329,,aldehyde dehydrogenase,340,0,69,128,83.12958435,100,inf,3.14E-73,1.84E-69,2.45E-71,1,1,0,1,1
group_2869,,hypothetical protein,340,0,69,128,83.12958435,100,inf,3.14E-73,1.84E-69,2.45E-71,1,1,0,1,1
dmsB,,Anaerobic dimethyl sulfoxide reductase chain B,69,128,340,0,16.87041565,0,0,3.14E-73,1.84E-69,2.45E-71,1,0,1,1,1
group_1327,,Transmembrane transport protein,338,0,71,128,82.6405868,100,inf,2.49E-72,1.46E-68,1.89E-70,1,1,0,1,1
group_1922,,"transcriptional regulator, IclR family",338,0,71,128,82.6405868,100,inf,2.49E-72,1.46E-68,1.89E-70,1,1,0,1,1
group_160,,Putative uncharacterized protein,54,124,355,4,13.20293399,3.125,0.004906861,2.54E-72,1.49E-68,1.91E-70,1,1,1,1,1
group_2326,dapA,putative dihydrodipicolinate synthase,340,1,69,127,83.12958435,99.21875,625.7971014,6.96E-71,4.08E-67,4.91E-69,1,1,1,1,1
fucP,,L-fucose permease,340,1,69,127,83.12958435,99.21875,625.7971014,6.96E-71,4.08E-67,4.91E-69,1,1,1,1,1
group_3023,,Altronate hydrolase,340,1,69,127,83.12958435,99.21875,625.7971014,6.96E-71,4.08E-67,4.91E-69,1,1,1,1,1
group_3299,,Altronate hydrolase,340,1,69,127,83.12958435,99.21875,625.7971014,6.96E-71,4.08E-67,4.91E-69,1,1,1,1,1
group_3300,,Putative oxidoreductase,340,1,69,127,83.12958435,99.21875,625.7971014,6.96E-71,4.08E-67,4.91E-69,1,1,1,1,1
group_1110,,nitroreductase family protein,352,4,57,124,86.06356968,96.875,191.4385965,8.15E-71,4.77E-67,5.68E-69,1,1,1,1,1
group_1143,,putative amidohydrolase,334,0,75,128,81.66259169,100,inf,1.40E-70,8.23E-67,9.57E-69,1,1,0,1,1
group_3133,,Putative uncharacterized protein,75,128,334,0,18.33740831,0,0,1.40E-70,8.23E-67,9.57E-69,1,0,1,1,1
group_3139,,putative LysE family transporter protein,402,31,7,97,98.28850856,75.78125,179.6958525,9.62E-70,5.64E-66,6.48E-68,1,1,1,1,1
group_3490,,hypothetical protein,77,128,332,0,18.82640587,0,0,1.00E-69,5.88E-66,6.69E-68,1,0,1,1,1
group_1089,,hypothetical protein,331,0,78,128,80.92909535,100,inf,2.65E-69,1.55E-65,1.75E-67,1,1,0,1,1
torZ,,molybdopterin containing oxidoreductase,0,87,409,41,0,32.03125,0,5.71E-69,3.35E-65,3.68E-67,1,0,1,1,1
group_1410,,"Adhesive protein CupB5, putative",0,87,409,41,0,32.03125,0,5.71E-69,3.35E-65,3.68E-67,1,0,1,1,1
group_562,,"D12 class N6 adenine-specific DNA methyltransferase, putative",332,1,77,127,81.17359413,99.21875,547.5844156,2.09E-67,1.23E-63,1.32E-65,1,1,1,1,1
group_2414,,putative SAM-dependent methyltransferase,77,127,332,1,18.82640587,0.78125,0.001826202,2.09E-67,1.23E-63,1.32E-65,1,1,1,1,1
torC,,"trimethylamine N-oxide reductase, cytochrome c-type subunit",1,87,408,41,0.244498778,32.03125,0.00115506,4.57E-67,2.68E-63,2.85E-65,1,1,1,1,1
group_3003,,arsenate reductase,0,85,409,43,0,33.59375,0,6.44E-67,3.78E-63,3.93E-65,1,0,1,1,1
group_3549,,membrane protein,0,85,409,43,0,33.59375,0,6.44E-67,3.78E-63,3.93E-65,1,0,1,1,1
acpP3,,Putative acyl carrier protein,409,44,0,84,100,65.625,inf,6.63E-66,3.89E-62,3.81E-64,1,1,0,1,1
group_3105,,"Capsule biosynthesis protein, putative",0,84,409,44,0,34.375,0,6.63E-66,3.89E-62,3.81E-64,1,0,1,1,1
group_2489,,Putative uncharacterized protein,0,84,409,44,0,34.375,0,6.63E-66,3.89E-62,3.81E-64,1,0,1,1,1
group_2426,,Putative uncharacterized protein,0,84,409,44,0,34.375,0,6.63E-66,3.89E-62,3.81E-64,1,0,1,1,1
group_2498,maf-5,Motility accessory factor,0,84,409,44,0,34.375,0,6.63E-66,3.89E-62,3.81E-64,1,0,1,1,1
acpP4,,Putative acyl carrier protein,0,84,409,44,0,34.375,0,6.63E-66,3.89E-62,3.81E-64,1,0,1,1,1
group_2261,,putative acyl carrier protein,328,1,81,127,80.19559902,99.21875,514.2716049,9.41E-66,5.51E-62,5.30E-64,1,1,1,1,1
group_717,,putative amino acid activating enzyme,328,1,81,127,80.19559902,99.21875,514.2716049,9.41E-66,5.51E-62,5.30E-64,1,1,1,1,1
group_72,,hypothetical protein (617 family),322,0,87,128,78.72860636,100,inf,1.18E-65,6.92E-62,6.59E-64,1,1,0,1,1
group_375,,Putative uncharacterized protein,82,127,327,1,20.04889976,0.78125,0.001974524,2.39E-65,1.40E-61,1.32E-63,1,1,1,1,1
group_1665,,Arsenical-resistance protein ACR3,1,85,408,43,0.244498778,33.59375,0.001239908,5.02E-65,2.94E-61,2.75E-63,1,1,1,1,1
group_1196,,Putative uncharacterized protein,59,121,350,7,14.42542787,5.46875,0.009752066,5.16E-65,3.03E-61,2.80E-63,1,1,1,1,1
fabH2,,"3-oxoacyl-(acyl-carrier-protein) synthase, putative",409,45,0,83,100,64.84375,inf,6.69E-65,3.92E-61,3.47E-63,1,1,0,1,1
acpP2,,putative acyl carrier protein,409,45,0,83,100,64.84375,inf,6.69E-65,3.92E-61,3.47E-63,1,1,0,1,1
group_1854,,putative SAM domain containing methyltransferase,409,45,0,83,100,64.84375,inf,6.69E-65,3.92E-61,3.47E-63,1,1,0,1,1
group_2259,,hypothetical protein,409,45,0,83,100,64.84375,inf,6.69E-65,3.92E-61,3.47E-63,1,1,0,1,1
dmsA_2,,anaerobic dimethyl sulfoxide reductase chain A,0,83,409,45,0,35.15625,0,6.69E-65,3.92E-61,3.47E-63,1,0,1,1,1
torD,,Putative cytoplasmic chaperone,89,128,320,0,21.7603912,0,0,7.06E-65,4.14E-61,3.63E-63,1,0,1,1,1
mutY,,A/G-specific adenine glycosylase,346,6,63,122,84.59657702,95.3125,111.6719577,1.11E-64,6.52E-61,5.62E-63,1,1,1,1,1
group_581,mutY,A/G-specific adenine glycosylase,63,122,346,6,15.40342298,4.6875,0.0089548,1.11E-64,6.52E-61,5.62E-63,1,1,1,1,1
group_1537,,Putative helix-turn-helix containing protein,409,47,0,81,100,63.28125,inf,6.42E-63,3.76E-59,3.14E-61,1,1,0,1,1
group_479,,"C4-dicarboxylate anaerobic carrier, putative",0,81,409,47,0,36.71875,0,6.42E-63,3.76E-59,3.14E-61,1,0,1,1,1
group_1538,,Putative helix-turn-helix containsing protein,0,81,409,47,0,36.71875,0,6.42E-63,3.76E-59,3.14E-61,1,0,1,1,1
group_1206,,Putative oxidoreductase subunit,0,81,409,47,0,36.71875,0,6.42E-63,3.76E-59,3.14E-61,1,0,1,1,1
group_2924,,metallo-beta-lactamase family protein,313,0,96,128,76.52811736,100,inf,3.03E-62,1.77E-58,1.45E-60,1,1,0,1,1
glx2,,Metallo-beta-lactamase family protein,96,128,313,0,23.47188264,0,0,3.03E-62,1.77E-58,1.45E-60,1,0,1,1,1
group_1717,,putative phosphoserine phosphatase,332,4,77,124,81.17359413,96.875,133.6623377,7.88E-62,4.62E-58,3.75E-60,1,1,1,1,1
group_2799,,HrEpiB,306,0,103,128,74.81662592,100,inf,9.70E-60,5.69E-56,4.55E-58,1,1,0,1,1
dmsC,,Cj81-083,103,128,306,0,25.18337408,0,0,9.70E-60,5.69E-56,4.55E-58,1,0,1,1,1
group_644,,2-oxoglutarate/malate translocator,5,85,404,43,1.222493888,33.59375,0.00626092,1.72E-59,1.01E-55,8.02E-58,1,1,1,1,1
group_1574,,Putative outer membrane siderophore receptor,305,0,104,128,74.57212714,100,inf,2.16E-59,1.27E-55,9.99E-58,1,1,0,1,1
group_1098,,Cj81-040,342,9,67,119,83.61858191,92.96875,67.49253731,1.59E-58,9.32E-55,7.28E-57,1,1,1,1,1
group_2036,,Putative uncharacterized protein,0,76,409,52,0,40.625,0,4.19E-58,2.46E-54,1.91E-56,1,0,1,1,1
group_2407,,hypothetical protein,109,128,300,0,26.65036675,0,0,1.11E-57,6.49E-54,4.91E-56,1,0,1,1,1
group_2974,,Cj81-117,109,128,300,0,26.65036675,0,0,1.11E-57,6.49E-54,4.91E-56,1,0,1,1,1
group_2975,,Putative uncharacterized protein,109,128,300,0,26.65036675,0,0,1.11E-57,6.49E-54,4.91E-56,1,0,1,1,1
group_3596,,"Transporter, LysE family",7,85,402,43,1.711491443,33.59375,0.008808897,2.81E-57,1.65E-53,1.24E-55,1,1,1,1,1
group_1374,,hypothetical protein,294,0,115,128,71.88264059,100,inf,1.06E-55,6.19E-52,4.55E-54,1,1,0,1,1
group_1757,,hypothetical protein,294,0,115,128,71.88264059,100,inf,1.06E-55,6.19E-52,4.55E-54,1,1,0,1,1
group_1821,,DnaB-like protein helicase-like protein,294,0,115,128,71.88264059,100,inf,1.06E-55,6.19E-52,4.55E-54,1,1,0,1,1
group_2708,,hypothetical protein,293,0,116,128,71.63814181,100,inf,2.22E-55,1.30E-51,9.24E-54,1,1,0,1,1
group_2709,,hypothetical protein,293,0,116,128,71.63814181,100,inf,2.22E-55,1.30E-51,9.24E-54,1,1,0,1,1
group_3266,,hypothetical protein,293,0,116,128,71.63814181,100,inf,2.22E-55,1.30E-51,9.24E-54,1,1,0,1,1
group_3267,,Putative uncharacterized protein,293,0,116,128,71.63814181,100,inf,2.22E-55,1.30E-51,9.24E-54,1,1,0,1,1
group_3269,,hypothetical protein,293,0,116,128,71.63814181,100,inf,2.22E-55,1.30E-51,9.24E-54,1,1,0,1,1
group_3002,arsR,Putative transcriptional regulator,0,73,409,55,0,42.96875,0,2.64E-55,1.55E-51,1.09E-53,1,0,1,1,1
group_1099,,Cj81-040,69,117,340,11,16.87041565,8.59375,0.01907994,5.07E-55,2.97E-51,2.08E-53,1,1,1,1,1
group_1914,,"TonB-dependent colicin lipoprotein, putative",297,1,112,127,72.61613692,99.21875,336.7767857,1.76E-54,1.03E-50,7.17E-53,1,1,1,1,1
group_1920,,hypothetical protein,296,1,113,127,72.37163814,99.21875,332.6725664,3.73E-54,2.18E-50,1.51E-52,1,1,1,1,1
group_1755,,hypothetical protein,288,0,121,128,70.41564792,100,inf,8.56E-54,5.02E-50,3.42E-52,1,1,0,1,1
group_2031,,Putative uncharacterized protein,121,128,288,0,29.58435208,0,0,8.56E-54,5.02E-50,3.42E-52,1,0,1,1,1
dmsA,,Anaerobic dimethyl sulfoxide reductase chain A,69,116,340,12,16.87041565,9.375,0.020993915,9.37E-54,5.49E-50,3.71E-52,1,1,1,1,1
xerC,,Tyrosine recombinase XerC,294,1,115,127,71.88264059,99.21875,324.6782609,1.65E-53,9.65E-50,6.44E-52,1,1,1,1,1
group_774,,Putative uncharacterized protein,115,127,294,1,28.11735941,0.78125,0.003079972,1.65E-53,9.65E-50,6.44E-52,1,1,1,1,1
group_2707,,cpp21,293,1,116,127,71.63814181,99.21875,320.7844828,3.44E-53,2.02E-49,1.33E-51,1,1,1,1,1
group_3268,,hypothetical protein,293,1,116,127,71.63814181,99.21875,320.7844828,3.44E-53,2.02E-49,1.33E-51,1,1,1,1,1
group_1477,,CMP-Neu5Ac synthetase,285,0,124,128,69.68215159,100,inf,7.28E-53,4.27E-49,2.72E-51,1,1,0,1,1
group_1992,,Putative uncharacterized protein,124,128,285,0,30.31784841,0,0,7.28E-53,4.27E-49,2.72E-51,1,0,1,1,1
rmlA1,,Glucose-1-phosphate thymidylyltransferase,124,128,285,0,30.31784841,0,0,7.28E-53,4.27E-49,2.72E-51,1,0,1,1,1
group_3556,,Putative two domain glycosyltransferase,124,128,285,0,30.31784841,0,0,7.28E-53,4.27E-49,2.72E-51,1,0,1,1,1
rmlB,,"dTDP-glucose 4,6-dehydratase",124,128,285,0,30.31784841,0,0,7.28E-53,4.27E-49,2.72E-51,1,0,1,1,1
group_3220,,hypothetical protein,125,128,284,0,30.56234719,0,0,1.47E-52,8.64E-49,5.45E-51,1,0,1,1,1
group_2710,,hypothetical protein,291,1,118,127,71.14914425,99.21875,313.1949153,1.48E-52,8.67E-49,5.45E-51,1,1,1,1,1
group_1240,,"putative prophage LambdaCh01, recombination protein Bet",290,1,119,127,70.90464548,99.21875,309.4957983,3.05E-52,1.79E-48,1.12E-50,1,1,1,1,1
group_3138,,hypothetical protein,0,69,409,59,0,46.09375,0,1.15E-51,6.72E-48,4.18E-50,1,0,1,1,1
group_95,,type II restriction-modification enzyme,281,0,128,128,68.70415648,100,inf,1.19E-51,6.99E-48,4.32E-50,1,1,0,1,1
fdtC,,"dTDP-3-amino-3,6-dideoxy-alpha-D-galactopyranose 3-N-acetyltransferase",121,127,288,1,29.58435208,0.78125,0.00330818,1.28E-51,7.48E-48,4.59E-50,1,1,1,1,1
group_3409,,putative acetyltransferase,280,0,129,128,68.4596577,100,inf,2.38E-51,1.39E-47,8.49E-50,1,1,0,1,1
group_232,,Sugar phosphate permease,345,16,64,112,84.35207824,87.5,37.734375,4.76E-51,2.79E-47,1.69E-49,1,1,1,1,1
group_227,,MFS di-/tripeptide transporter,286,1,123,127,69.92665037,99.21875,295.300813,5.26E-51,3.08E-47,1.86E-49,1,1,1,1,1
group_642,,Hypothetical protein,0,68,409,60,0,46.875,0,8.96E-51,5.25E-47,3.15E-49,1,0,1,1,1
csn1,,putative CRISPR-associated protein,399,47,10,81,97.55501222,63.28125,68.76382979,1.39E-50,8.18E-47,4.87E-49,1,1,1,1,1
group_1653,,Putative uncharacterized protein,31,96,378,32,7.579462103,25,0.027336861,3.50E-50,2.05E-46,1.21E-48,1,1,1,1,1
group_2729,,putative periplasmic protein,274,0,135,128,66.99266504,100,inf,1.37E-49,8.05E-46,4.73E-48,1,1,0,1,1
group_1950,,Putative periplasmic beta-lactamase,329,12,80,116,80.4400978,90.625,39.75416667,1.88E-49,1.10E-45,6.45E-48,1,1,1,1,1
group_3273,,putative integral membrane protein,273,0,136,128,66.74816626,100,inf,2.66E-49,1.56E-45,9.08E-48,1,1,0,1,1
group_1445,,hypothetical protein,325,12,84,116,79.46210269,90.625,37.40079365,5.47E-48,3.21E-44,1.85E-46,1,1,1,1,1
group_1137,,putative sugar transferase,302,6,107,122,73.83863081,95.3125,57.3894081,6.61E-48,3.88E-44,2.23E-46,1,1,1,1,1
group_1237,,hypothetical protein,268,0,141,128,65.52567237,100,inf,1.06E-47,6.23E-44,3.56E-46,1,1,0,1,1
group_2730,,putative acidic periplasmic protein,274,1,135,127,66.99266504,99.21875,257.762963,1.84E-47,1.08E-43,6.14E-46,1,1,1,1,1
group_647,,Hypothetical protein,0,64,409,64,0,50,0,2.91E-47,1.70E-43,9.62E-46,1,0,1,1,1
group_228,,Di-/tripeptide transporter,31,91,378,37,7.579462103,28.90625,0.033344962,1.95E-45,1.14E-41,6.41E-44,1,1,1,1,1
group_1436,,hypothetical protein,265,1,144,127,64.79217604,99.21875,233.7152778,6.21E-45,3.64E-41,2.03E-43,1,1,1,1,1
group_1390,,Putative uncharacterized protein,117,122,292,6,28.60635697,4.6875,0.019705816,8.43E-45,4.94E-41,2.74E-43,1,1,1,1,1
group_237,,Transporter protein,256,0,153,128,62.59168704,100,inf,1.67E-44,9.79E-41,5.41E-43,1,1,0,1,1
group_207,cjeI,Type I restriction modification enzyme,7,71,402,57,1.711491443,44.53125,0.013979399,1.92E-44,1.12E-40,6.18E-43,1,1,1,1,1
group_458,,hypothetical protein,255,0,154,128,62.34718826,100,inf,2.52E-44,1.48E-40,8.07E-43,1,1,0,1,1
group_2443,,putative periplasmic protein,27,87,382,41,6.601466993,32.03125,0.033309262,4.57E-44,2.68E-40,1.46E-42,1,1,1,1,1
group_7,,hypothetical protein,406,63,3,65,99.26650367,50.78125,139.6296296,1.29E-43,7.56E-40,4.09E-42,1,1,1,1,1
group_1092,,hypothetical protein,292,7,117,121,71.39364303,94.53125,43.14041514,1.84E-43,1.08E-39,5.81E-42,1,1,1,1,1
fcl,,GDP-L-fucose synthetase,251,0,158,128,61.36919315,100,inf,2.62E-43,1.54E-39,8.17E-42,1,1,0,1,1
group_1442,,hypothetical protein,251,0,158,128,61.36919315,100,inf,2.62E-43,1.54E-39,8.17E-42,1,1,0,1,1
group_2000,,hypothetical protein,0,59,409,69,0,53.90625,0,5.26E-43,3.09E-39,1.63E-41,1,0,1,1,1
group_200,,Chemotaxis sensory transducer,152,127,257,1,37.16381418,0.78125,0.004657005,8.28E-43,4.85E-39,2.55E-41,1,1,1,1,1
group_379,,SAM-dependent methyltransferase,0,58,409,70,0,54.6875,0,3.60E-42,2.11E-38,1.11E-40,1,0,1,1,1
group_65,,hypothetical protein (617 family),382,44,27,84,93.39853301,65.625,27.01010101,1.95E-41,1.14E-37,5.96E-40,1,1,1,1,1
group_191,,Putative uncharacterized protein,14,74,395,54,3.422982885,42.1875,0.025863839,3.55E-41,2.08E-37,1.08E-39,1,1,1,1,1
group_643,,Hypothetical protein,2,60,407,68,0.488997555,53.125,0.005569206,1.06E-40,6.22E-37,3.21E-39,1,1,1,1,1
group_771,,Putative uncharacterized protein,0,55,409,73,0,57.03125,0,1.07E-39,6.30E-36,3.20E-38,1,0,1,1,1
group_2447,,hypothetical protein,0,55,409,73,0,57.03125,0,1.07E-39,6.30E-36,3.20E-38,1,0,1,1,1
group_3123,,Methyl-accepting chemotaxis protein,0,55,409,73,0,57.03125,0,1.07E-39,6.30E-36,3.20E-38,1,0,1,1,1
group_1798,,transposase A-OrfA,236,0,173,128,57.70171149,100,inf,1.40E-39,8.19E-36,4.12E-38,1,1,0,1,1
group_2657,,transposase,236,0,173,128,57.70171149,100,inf,1.40E-39,8.19E-36,4.12E-38,1,1,0,1,1
group_607,,Tgh003,107,115,302,13,26.16136919,10.15625,0.040051828,2.52E-39,1.48E-35,7.40E-38,1,1,1,1,1
hddC,,putative D-glycero-D-manno-heptose 1-phosphate guanosyltransferase,286,9,123,119,69.92665037,92.96875,30.74435411,3.13E-39,1.84E-35,9.13E-38,1,1,1,1,1
group_68,,hypothetical protein (617 family),235,0,174,128,57.45721271,100,inf,3.24E-39,1.90E-35,9.40E-38,1,1,0,1,1
panC,,pantoate--beta-alanine ligase,76,105,333,23,18.58190709,17.96875,0.04999285,3.50E-39,2.05E-35,1.01E-37,1,1,1,1,1
group_2206,,hypothetical protein,355,32,54,96,86.79706601,75,19.72222222,3.54E-39,2.08E-35,1.02E-37,1,1,1,1,1
group_409,,galactosyltransferase,233,0,176,128,56.96821516,100,inf,1.35E-38,7.94E-35,3.87E-37,1,1,0,1,1
group_3276,,putative acetyltransferase,75,104,334,24,18.33740831,18.75,0.051819438,1.37E-38,8.03E-35,3.88E-37,1,1,1,1,1
group_2748,,putative periplasmic beta-lactamase,75,104,334,24,18.33740831,18.75,0.051819438,1.37E-38,8.03E-35,3.88E-37,1,1,1,1,1
group_2711,,hypothetical protein,232,0,177,128,56.72371638,100,inf,1.54E-38,9.01E-35,4.33E-37,1,1,0,1,1
group_403,,galactosyltransferase,231,0,178,128,56.4792176,100,inf,2.23E-38,1.31E-34,6.20E-37,1,1,0,1,1
group_1116,,"lipooligosaccharide biosynthesis glycosyltransferase, putative",231,0,178,128,56.4792176,100,inf,2.23E-38,1.31E-34,6.20E-37,1,1,0,1,1
group_3270,,hypothetical protein,231,0,178,128,56.4792176,100,inf,2.23E-38,1.31E-34,6.20E-37,1,1,0,1,1
group_476,,"C4-dicarboxylate anaerobic carrier, putative",376,44,33,84,91.93154034,65.625,21.75206612,2.88E-38,1.69E-34,7.97E-37,1,1,1,1,1
panD,,aspartate alpha-decarboxylase,76,104,333,24,18.58190709,18.75,0.052668053,3.03E-38,1.78E-34,8.33E-37,1,1,1,1,1
group_1063,,Putative ABC transport system permease,409,75,0,53,100,41.40625,inf,4.52E-38,2.65E-34,1.20E-36,1,1,0,1,1
cjaC,,Histidine-binding protein precursor,409,75,0,53,100,41.40625,inf,4.52E-38,2.65E-34,1.20E-36,1,1,0,1,1
group_3007,,hypothetical protein,0,53,409,75,0,58.59375,0,4.52E-38,2.65E-34,1.20E-36,1,0,1,1,1
group_777,,hypothetical protein,0,53,409,75,0,58.59375,0,4.52E-38,2.65E-34,1.20E-36,1,0,1,1,1
group_3006,cjaC,cjaC protein,0,53,409,75,0,58.59375,0,4.52E-38,2.65E-34,1.20E-36,1,0,1,1,1
group_3739,,hypothetical protein,0,53,409,75,0,58.59375,0,4.52E-38,2.65E-34,1.20E-36,1,0,1,1,1
group_3554,,Putative uncharacterized protein,0,53,409,75,0,58.59375,0,4.52E-38,2.65E-34,1.20E-36,1,0,1,1,1
group_4063,,hypothetical protein,0,53,409,75,0,58.59375,0,4.52E-38,2.65E-34,1.20E-36,1,0,1,1,1
panB,,3-methyl-2-oxobutanoate,77,104,332,24,18.82640587,18.75,0.053521779,6.65E-38,3.90E-34,1.75E-36,1,1,1,1,1
group_2598,,hypothetical protein,229,0,180,128,55.99022005,100,inf,7.21E-38,4.23E-34,1.89E-36,1,1,0,1,1
group_695,,"Adhesive protein CupB5, putative",228,0,181,128,55.74572127,100,inf,1.09E-37,6.39E-34,2.85E-36,1,1,0,1,1
group_236,,Sugar phosphate permease,75,103,334,25,18.33740831,19.53125,0.054502645,1.15E-37,6.72E-34,2.98E-36,1,1,1,1,1
group_305,,putative CRISPR-associated protein,42,88,367,40,10.26894866,31.25,0.052018826,2.21E-37,1.30E-33,5.73E-36,1,1,1,1,1
tarS,,hypothetical protein,227,0,182,128,55.50122249,100,inf,2.49E-37,1.46E-33,6.37E-36,1,1,0,1,1
group_2097,,hypothetical protein,227,0,182,128,55.50122249,100,inf,2.49E-37,1.46E-33,6.37E-36,1,1,0,1,1
group_2098,,"putative site-specific recombinase, phage integrase family",227,0,182,128,55.50122249,100,inf,2.49E-37,1.46E-33,6.37E-36,1,1,0,1,1
group_4064,,hypothetical protein,0,52,409,76,0,59.375,0,2.89E-37,1.69E-33,7.26E-36,1,0,1,1,1
group_4065,,hypothetical protein,0,52,409,76,0,59.375,0,2.89E-37,1.69E-33,7.26E-36,1,0,1,1,1
group_4066,,hypothetical protein,0,52,409,76,0,59.375,0,2.89E-37,1.69E-33,7.26E-36,1,0,1,1,1
group_4068,,hypothetical protein,0,52,409,76,0,59.375,0,2.89E-37,1.69E-33,7.26E-36,1,0,1,1,1
fmt_1,,Methionyl-tRNA formyltransferase,59,96,350,32,14.42542787,25,0.056190476,3.22E-37,1.89E-33,8.06E-36,1,1,1,1,1
group_397,,Putative outer-membrane protein,226,0,183,128,55.25672372,100,inf,3.36E-37,1.97E-33,8.35E-36,1,1,0,1,1
group_1426,,hypothetical protein,226,0,183,128,55.25672372,100,inf,3.36E-37,1.97E-33,8.35E-36,1,1,0,1,1
group_1829,,Putative oxidoreductase subunit,55,94,354,34,13.44743276,26.5625,0.056196658,4.83E-37,2.83E-33,1.20E-35,1,1,1,1,1
group_1447,,hypothetical protein,224,0,185,128,54.76772616,100,inf,1.08E-36,6.32E-33,2.63E-35,1,1,0,1,1
group_3134,,Putative uncharacterized protein,224,0,185,128,54.76772616,100,inf,1.08E-36,6.32E-33,2.63E-35,1,1,0,1,1
group_3459,,hypothetical protein,224,0,185,128,54.76772616,100,inf,1.08E-36,6.32E-33,2.63E-35,1,1,0,1,1
group_3565,,hypothetical protein,0,51,409,77,0,60.15625,0,1.82E-36,1.07E-32,4.43E-35,1,0,1,1,1
group_575,cgtA,"Beta-1,4-N-acetylgalactosaminyltransferase (CgtA)",34,82,375,46,8.312958435,35.9375,0.050861789,3.88E-36,2.28E-32,9.40E-35,1,1,1,1,1
group_184,cipA,Invasion phenotype protein,220,0,189,128,53.78973105,100,inf,1.33E-35,7.79E-32,3.17E-34,1,1,0,1,1
maf6,,motility accessory factor (function unknown),220,0,189,128,53.78973105,100,inf,1.33E-35,7.79E-32,3.17E-34,1,1,0,1,1
group_1084,,hypothetical protein,220,0,189,128,53.78973105,100,inf,1.33E-35,7.79E-32,3.17E-34,1,1,0,1,1
group_3455,,hypothetical protein,220,0,189,128,53.78973105,100,inf,1.33E-35,7.79E-32,3.17E-34,1,1,0,1,1
group_8,,Putative uncharacterized protein,219,0,190,128,53.54523227,100,inf,1.48E-35,8.68E-32,3.48E-34,1,1,0,1,1
group_2601,,"putative site-specific recombinase, phage integrase family",219,0,190,128,53.54523227,100,inf,1.48E-35,8.68E-32,3.48E-34,1,1,0,1,1
pyrC,,Dihydroorotase,219,0,190,128,53.54523227,100,inf,1.48E-35,8.68E-32,3.48E-34,1,1,0,1,1
bioC,,Biotin biosynthesis protein BioC,323,24,86,104,78.97310513,81.25,16.2751938,5.66E-35,3.32E-31,1.33E-33,1,1,1,1,1
group_4059,,"phage anti-repressor protein, putative",0,49,409,79,0,61.71875,0,7.03E-35,4.12E-31,1.62E-33,1,0,1,1,1
group_4060,,hypothetical protein,0,49,409,79,0,61.71875,0,7.03E-35,4.12E-31,1.62E-33,1,0,1,1,1
group_4061,,hypothetical protein,0,49,409,79,0,61.71875,0,7.03E-35,4.12E-31,1.62E-33,1,0,1,1,1
group_4062,,hypothetical protein,0,49,409,79,0,61.71875,0,7.03E-35,4.12E-31,1.62E-33,1,0,1,1,1
group_2385,,RelE/ParE family plasmid stabilization system protein,224,1,185,127,54.76772616,99.21875,153.772973,8.80E-35,5.16E-31,1.98E-33,1,1,1,1,1
group_2388,,hypothetical protein,224,1,185,127,54.76772616,99.21875,153.772973,8.80E-35,5.16E-31,1.98E-33,1,1,1,1,1
group_2950,,hypothetical protein,224,1,185,127,54.76772616,99.21875,153.772973,8.80E-35,5.16E-31,1.98E-33,1,1,1,1,1
dinB,,DNA polymerase IV,224,1,185,127,54.76772616,99.21875,153.772973,8.80E-35,5.16E-31,1.98E-33,1,1,1,1,1
group_2952,,hypothetical protein,224,1,185,127,54.76772616,99.21875,153.772973,8.80E-35,5.16E-31,1.98E-33,1,1,1,1,1
group_3458,,hypothetical protein,224,1,185,127,54.76772616,99.21875,153.772973,8.80E-35,5.16E-31,1.98E-33,1,1,1,1,1
group_959,bioC,Biotin biosynthesis protein BioC,87,104,322,24,21.27139364,18.75,0.062350693,1.16E-34,6.79E-31,2.60E-33,1,1,1,1,1
group_2390,,hypothetical protein,222,1,187,127,54.27872861,99.21875,150.7700535,2.67E-34,1.57E-30,5.98E-33,1,1,1,1,1
group_871,,CAAX amino terminal protease family protein,280,12,129,116,68.4596577,90.625,20.98191214,2.92E-34,1.71E-30,6.50E-33,1,1,1,1,1
group_231,,di-/tripeptide transporter,353,37,56,91,86.30806846,71.09375,15.50337838,3.66E-34,2.14E-30,8.12E-33,1,1,1,1,1
group_3453,,hypothetical protein,221,1,188,127,54.03422983,99.21875,149.2925532,3.94E-34,2.31E-30,8.71E-33,1,1,1,1,1
cipA,,Invasion phenotype protein,142,119,267,9,34.71882641,7.03125,0.040222831,4.02E-34,2.36E-30,8.86E-33,1,1,1,1,1
group_1716,,HAD-superfamily subfamily IB hydrolase,23,72,386,56,5.623471883,43.75,0.046344272,7.26E-34,4.26E-30,1.59E-32,1,1,1,1,1
group_2640,,putative lipoprotein,211,0,198,128,51.58924205,100,inf,7.52E-34,4.41E-30,1.64E-32,1,1,0,1,1
xerH,,Tyrosine recombinase XerH,270,10,139,118,66.01466993,92.1875,22.92086331,7.56E-34,4.43E-30,1.65E-32,1,1,1,1,1
group_760,,putative methyltransferase,210,0,199,128,51.34474328,100,inf,1.89E-33,1.11E-29,4.10E-32,1,1,0,1,1
glnH,,Glutamine-binding periplasmic protein,200,128,209,0,48.8997555,0,0,2.19E-33,1.28E-29,4.70E-32,1,0,1,1,1
group_2641,glnH,putative glutamine binding periplasmic protein,209,0,200,128,51.1002445,100,inf,2.19E-33,1.28E-29,4.70E-32,1,1,0,1,1
group_468,,hypothetical protein,209,0,200,128,51.1002445,100,inf,2.19E-33,1.28E-29,4.70E-32,1,1,0,1,1
group_1075,,putative transcription regulator,203,128,206,0,49.63325183,0,0,8.62E-33,5.05E-29,1.84E-31,1,0,1,1,1
group_1443,,hypothetical protein,205,0,204,128,50.12224939,100,inf,1.97E-32,1.16E-28,4.20E-31,1,1,0,1,1
group_1297,,putative N-acetyltransferase,360,43,49,85,88.0195599,66.40625,14.52301851,4.46E-32,2.61E-28,9.47E-31,1,1,1,1,1
group_2917,,putative transcriptional regulator,201,0,208,128,49.14425428,100,inf,9.39E-32,5.50E-28,1.98E-30,1,1,0,1,1
group_2658,,hypothetical protein,201,0,208,128,49.14425428,100,inf,9.39E-32,5.50E-28,1.98E-30,1,1,0,1,1
zupT_2,,putative integral membrane protein,55,87,354,41,13.44743276,32.03125,0.07321904,2.25E-31,1.32E-27,4.74E-30,1,1,1,1,1
group_1373,,hypothetical protein,76,96,333,32,18.58190709,25,0.076076076,2.35E-31,1.38E-27,4.93E-30,1,1,1,1,1
group_1994,,C4-dicarboxylate transporter,0,44,409,84,0,65.625,0,5.41E-31,3.17E-27,1.12E-29,1,0,1,1,1
group_603,,hypothetical protein,0,44,409,84,0,65.625,0,5.41E-31,3.17E-27,1.12E-29,1,0,1,1,1
group_1045,,putative lipoprotein,0,44,409,84,0,65.625,0,5.41E-31,3.17E-27,1.12E-29,1,0,1,1,1
group_2936,,putative MCP-domain signal transduction protein,196,0,213,128,47.92176039,100,inf,1.64E-30,9.64E-27,3.39E-29,1,1,0,1,1
group_773,,Putative uncharacterized protein,0,43,409,85,0,66.40625,0,3.15E-30,1.84E-26,5.32E-29,1,0,1,1,1
group_2409,,Putative uncharacterized protein,0,43,409,85,0,66.40625,0,3.15E-30,1.84E-26,5.32E-29,1,0,1,1,1
group_3120,,hypothetical protein,0,43,409,85,0,66.40625,0,3.15E-30,1.84E-26,5.32E-29,1,0,1,1,1
group_4048,,Hypothetical protein,0,43,409,85,0,66.40625,0,3.15E-30,1.84E-26,5.32E-29,1,0,1,1,1
group_4049,,Hypothetical protein,0,43,409,85,0,66.40625,0,3.15E-30,1.84E-26,5.32E-29,1,0,1,1,1
group_4051,,hypothetical protein,0,43,409,85,0,66.40625,0,3.15E-30,1.84E-26,5.32E-29,1,0,1,1,1
group_4052,,NAD-dependent epimerase/dehydratase,0,43,409,85,0,66.40625,0,3.15E-30,1.84E-26,5.32E-29,1,0,1,1,1
group_4053,,Hypothetical protein,0,43,409,85,0,66.40625,0,3.15E-30,1.84E-26,5.32E-29,1,0,1,1,1
group_4054,,Hypothetical protein,0,43,409,85,0,66.40625,0,3.15E-30,1.84E-26,5.32E-29,1,0,1,1,1
rfbH,,Lipopolysaccharide biosynthesis protein rfbH,0,43,409,85,0,66.40625,0,3.15E-30,1.84E-26,5.32E-29,1,0,1,1,1
group_4056,rfbF,Glucose-1-phosphate cytidylyltransferase,0,43,409,85,0,66.40625,0,3.15E-30,1.84E-26,5.32E-29,1,0,1,1,1
group_4057,,Hypothetical protein,0,43,409,85,0,66.40625,0,3.15E-30,1.84E-26,5.32E-29,1,0,1,1,1
group_2034,,"McrBC restriction endonuclease system, McrB subunit, putative",0,43,409,85,0,66.40625,0,3.15E-30,1.84E-26,5.32E-29,1,0,1,1,1
group_3119,,hypothetical protein,0,43,409,85,0,66.40625,0,3.15E-30,1.84E-26,5.32E-29,1,0,1,1,1
group_3999,,"transcriptional regulator, putative",0,43,409,85,0,66.40625,0,3.15E-30,1.84E-26,5.32E-29,1,0,1,1,1
group_4000,,hypothetical protein,0,43,409,85,0,66.40625,0,3.15E-30,1.84E-26,5.32E-29,1,0,1,1,1
group_4001,,"bacteriophage DNA transposition protein A, putative",0,43,409,85,0,66.40625,0,3.15E-30,1.84E-26,5.32E-29,1,0,1,1,1
group_4002,,"bacteriophage DNA transposition protein B, putative",0,43,409,85,0,66.40625,0,3.15E-30,1.84E-26,5.32E-29,1,0,1,1,1
group_4003,,hypothetical protein,0,43,409,85,0,66.40625,0,3.15E-30,1.84E-26,5.32E-29,1,0,1,1,1
group_4004,,hypothetical protein,0,43,409,85,0,66.40625,0,3.15E-30,1.84E-26,5.32E-29,1,0,1,1,1
group_4005,,hypothetical protein,0,43,409,85,0,66.40625,0,3.15E-30,1.84E-26,5.32E-29,1,0,1,1,1
group_4006,,hypothetical protein,0,43,409,85,0,66.40625,0,3.15E-30,1.84E-26,5.32E-29,1,0,1,1,1
group_4007,,hypothetical protein,0,43,409,85,0,66.40625,0,3.15E-30,1.84E-26,5.32E-29,1,0,1,1,1
group_4008,,hypothetical protein,0,43,409,85,0,66.40625,0,3.15E-30,1.84E-26,5.32E-29,1,0,1,1,1
group_4009,,hypothetical protein,0,43,409,85,0,66.40625,0,3.15E-30,1.84E-26,5.32E-29,1,0,1,1,1
dns,,extracellular deoxyribonuclease,0,43,409,85,0,66.40625,0,3.15E-30,1.84E-26,5.32E-29,1,0,1,1,1
group_4011,,"DNA-binding protein, putative",0,43,409,85,0,66.40625,0,3.15E-30,1.84E-26,5.32E-29,1,0,1,1,1
group_4012,,hypothetical protein,0,43,409,85,0,66.40625,0,3.15E-30,1.84E-26,5.32E-29,1,0,1,1,1
group_4013,,hypothetical protein,0,43,409,85,0,66.40625,0,3.15E-30,1.84E-26,5.32E-29,1,0,1,1,1
group_4014,,"tail protein D, putative",0,43,409,85,0,66.40625,0,3.15E-30,1.84E-26,5.32E-29,1,0,1,1,1
group_4015,,"tail protein X, putative",0,43,409,85,0,66.40625,0,3.15E-30,1.84E-26,5.32E-29,1,0,1,1,1
group_4016,,"phage tail protein, putative",0,43,409,85,0,66.40625,0,3.15E-30,1.84E-26,5.32E-29,1,0,1,1,1
group_4017,,"prophage MuSo1, F protein, putative",0,43,409,85,0,66.40625,0,3.15E-30,1.84E-26,5.32E-29,1,0,1,1,1
group_4018,,Mu-like prophage FluMu protein gp29,0,43,409,85,0,66.40625,0,3.15E-30,1.84E-26,5.32E-29,1,0,1,1,1
group_4019,,phage uncharacterized protein,0,43,409,85,0,66.40625,0,3.15E-30,1.84E-26,5.32E-29,1,0,1,1,1
group_4020,,hypothetical protein,0,43,409,85,0,66.40625,0,3.15E-30,1.84E-26,5.32E-29,1,0,1,1,1
group_4021,,hypothetical protein,0,43,409,85,0,66.40625,0,3.15E-30,1.84E-26,5.32E-29,1,0,1,1,1
group_4022,,hypothetical protein,0,43,409,85,0,66.40625,0,3.15E-30,1.84E-26,5.32E-29,1,0,1,1,1
group_4023,,hypothetical protein,0,43,409,85,0,66.40625,0,3.15E-30,1.84E-26,5.32E-29,1,0,1,1,1
group_4024,,"Mu-like prophage I protein, putative",0,43,409,85,0,66.40625,0,3.15E-30,1.84E-26,5.32E-29,1,0,1,1,1
group_4025,,hypothetical protein,0,43,409,85,0,66.40625,0,3.15E-30,1.84E-26,5.32E-29,1,0,1,1,1
group_4026,,hypothetical protein,0,43,409,85,0,66.40625,0,3.15E-30,1.84E-26,5.32E-29,1,0,1,1,1
group_4027,,hypothetical protein,0,43,409,85,0,66.40625,0,3.15E-30,1.84E-26,5.32E-29,1,0,1,1,1
group_4028,,"lipoprotein, putative",0,43,409,85,0,66.40625,0,3.15E-30,1.84E-26,5.32E-29,1,0,1,1,1
group_4029,,hypothetical protein,0,43,409,85,0,66.40625,0,3.15E-30,1.84E-26,5.32E-29,1,0,1,1,1
group_4030,,"baseplate assembly protein V, putative",0,43,409,85,0,66.40625,0,3.15E-30,1.84E-26,5.32E-29,1,0,1,1,1
group_4031,,"baseplate assembly protein W, putative",0,43,409,85,0,66.40625,0,3.15E-30,1.84E-26,5.32E-29,1,0,1,1,1
group_4032,,"baseplate assembly protein J, putative",0,43,409,85,0,66.40625,0,3.15E-30,1.84E-26,5.32E-29,1,0,1,1,1
group_4033,,"phage tail protein, putative",0,43,409,85,0,66.40625,0,3.15E-30,1.84E-26,5.32E-29,1,0,1,1,1
group_4034,,hypothetical protein,0,43,409,85,0,66.40625,0,3.15E-30,1.84E-26,5.32E-29,1,0,1,1,1
group_4035,,hypothetical protein,0,43,409,85,0,66.40625,0,3.15E-30,1.84E-26,5.32E-29,1,0,1,1,1
group_4036,,hypothetical protein,0,43,409,85,0,66.40625,0,3.15E-30,1.84E-26,5.32E-29,1,0,1,1,1
group_4037,,hypothetical protein,0,43,409,85,0,66.40625,0,3.15E-30,1.84E-26,5.32E-29,1,0,1,1,1
group_4038,,major tail sheath protein,0,43,409,85,0,66.40625,0,3.15E-30,1.84E-26,5.32E-29,1,0,1,1,1
group_4039,,"phage major tail tube protein, putative",0,43,409,85,0,66.40625,0,3.15E-30,1.84E-26,5.32E-29,1,0,1,1,1
group_4040,,hypothetical protein,0,43,409,85,0,66.40625,0,3.15E-30,1.84E-26,5.32E-29,1,0,1,1,1
group_4041,,"tail tape measure protein, TP901 family",0,43,409,85,0,66.40625,0,3.15E-30,1.84E-26,5.32E-29,1,0,1,1,1
group_4042,,"phage virion morphogenesis protein, putative",0,43,409,85,0,66.40625,0,3.15E-30,1.84E-26,5.32E-29,1,0,1,1,1
group_4043,,DNA adenine methylase,0,43,409,85,0,66.40625,0,3.15E-30,1.84E-26,5.32E-29,1,0,1,1,1
group_4044,,Putative uncharacterized protein,0,43,409,85,0,66.40625,0,3.15E-30,1.84E-26,5.32E-29,1,0,1,1,1
group_4045,,hypothetical protein,0,43,409,85,0,66.40625,0,3.15E-30,1.84E-26,5.32E-29,1,0,1,1,1
group_4046,,hypothetical protein,0,43,409,85,0,66.40625,0,3.15E-30,1.84E-26,5.32E-29,1,0,1,1,1
group_4047,,"phage repressor protein, putative",0,43,409,85,0,66.40625,0,3.15E-30,1.84E-26,5.32E-29,1,0,1,1,1
arsR,,"Transcriptional regulator, ArsR family",355,43,54,85,86.79706601,66.40625,12.9952627,3.24E-30,1.90E-26,5.46E-29,1,1,1,1,1
gmhA-2,,Phosphoheptose isomerase,272,14,137,114,66.50366748,89.0625,16.16684046,3.34E-30,1.96E-26,5.60E-29,1,1,1,1,1
group_3013,,hypothetical protein,12,58,397,70,2.93398533,54.6875,0.0364805,5.83E-30,3.42E-26,9.76E-29,1,1,1,1,1
group_1391,,DNA/RNA non-specific endonuclease,10,56,399,72,2.444987775,56.25,0.032223416,6.89E-30,4.04E-26,1.15E-28,1,1,1,1,1
group_914,,Formyl transferase domain protein,53,84,356,44,12.95843521,34.375,0.077982879,7.91E-30,4.64E-26,1.32E-28,1,1,1,1,1
group_427,,Putative uncharacterized protein,60,87,349,41,14.66992665,32.03125,0.081019662,1.28E-29,7.51E-26,2.13E-28,1,1,1,1,1
group_704,,hypothetical protein,54,84,355,44,13.20293399,34.375,0.079678068,1.80E-29,1.06E-25,2.98E-28,1,1,1,1,1
group_3121,,Putative uncharacterized protein,0,42,409,86,0,67.1875,0,1.81E-29,1.06E-25,2.98E-28,1,0,1,1,1
group_3122,,Putative glycosyltransferase,0,42,409,86,0,67.1875,0,1.81E-29,1.06E-25,2.98E-28,1,0,1,1,1
dapH,,acetyltransferase,188,0,221,128,45.96577017,100,inf,4.49E-29,2.63E-25,7.36E-28,1,1,0,1,1
group_739,,hypothetical protein,188,0,221,128,45.96577017,100,inf,4.49E-29,2.63E-25,7.36E-28,1,1,0,1,1
group_3124,,site-specific DNA-methyltransferase,5,49,404,79,1.222493888,61.71875,0.019953526,9.34E-29,5.47E-25,1.52E-27,1,1,1,1,1
group_2508,,hypothetical protein,0,41,409,87,0,67.96875,0,1.03E-28,6.05E-25,1.63E-27,1,0,1,1,1
group_3015,,Putative uncharacterized protein,0,41,409,87,0,67.96875,0,1.03E-28,6.05E-25,1.63E-27,1,0,1,1,1
group_772,,Putative uncharacterized protein,0,41,409,87,0,67.96875,0,1.03E-28,6.05E-25,1.63E-27,1,0,1,1,1
zupT,,Zinc transporter zupT,0,41,409,87,0,67.96875,0,1.03E-28,6.05E-25,1.63E-27,1,0,1,1,1
group_3016,,hypothetical protein,0,41,409,87,0,67.96875,0,1.03E-28,6.05E-25,1.63E-27,1,0,1,1,1
group_3592,,hypothetical protein,0,41,409,87,0,67.96875,0,1.03E-28,6.05E-25,1.63E-27,1,0,1,1,1
group_3593,,hypothetical protein,0,41,409,87,0,67.96875,0,1.03E-28,6.05E-25,1.63E-27,1,0,1,1,1
group_3594,,putative sugar transferase,0,41,409,87,0,67.96875,0,1.03E-28,6.05E-25,1.63E-27,1,0,1,1,1
group_3595,,polysaccharide deacetylase family protein,0,41,409,87,0,67.96875,0,1.03E-28,6.05E-25,1.63E-27,1,0,1,1,1
group_4050,,hypothetical protein,0,41,409,87,0,67.96875,0,1.03E-28,6.05E-25,1.63E-27,1,0,1,1,1
group_1077,,putative ATP/GTP binding protein,0,41,409,87,0,67.96875,0,1.03E-28,6.05E-25,1.63E-27,1,0,1,1,1
group_2410,,Putative uncharacterized protein,0,41,409,87,0,67.96875,0,1.03E-28,6.05E-25,1.63E-27,1,0,1,1,1
group_4133,lpxB,Lipid-A-disaccharide synthase,0,41,409,87,0,67.96875,0,1.03E-28,6.05E-25,1.63E-27,1,0,1,1,1
group_2712,,putative periplasmic protein,187,0,222,128,45.72127139,100,inf,1.05E-28,6.15E-25,1.64E-27,1,1,0,1,1
group_2932,,LPS glycosyltransferase subfamily protein,187,0,222,128,45.72127139,100,inf,1.05E-28,6.15E-25,1.64E-27,1,1,0,1,1
group_1441,,hypothetical protein,187,0,222,128,45.72127139,100,inf,1.05E-28,6.15E-25,1.64E-27,1,1,0,1,1
group_2499,,Putative uncharacterized protein,1,43,408,85,0.244498778,66.40625,0.004844961,1.15E-28,6.75E-25,1.80E-27,1,1,1,1,1
group_1763,,hypothetical protein,186,0,223,128,45.47677262,100,inf,1.17E-28,6.85E-25,1.82E-27,1,1,0,1,1
cdtA,,Cytolethal distending toxin subunit A,225,128,184,0,55.01222494,0,0,3.04E-28,1.78E-24,4.71E-27,1,0,1,1,1
group_2281,,hypothetical protein,183,0,226,128,44.74327628,100,inf,3.98E-28,2.33E-24,6.15E-27,1,1,0,1,1
group_1306,,membrane protein,409,88,0,40,100,31.25,inf,5.83E-28,3.42E-24,8.95E-27,1,1,0,1,1
group_4134,,IS1595 family transposase ISCco3,0,40,409,88,0,68.75,0,5.83E-28,3.42E-24,8.95E-27,1,0,1,1,1
group_3108,,Hypothetical protein,0,40,409,88,0,68.75,0,5.83E-28,3.42E-24,8.95E-27,1,0,1,1,1
group_2279,,HAD superfamily hydrolase,182,0,227,128,44.49877751,100,inf,7.89E-28,4.63E-24,1.21E-26,1,1,0,1,1
ptmA,,flagellin modification protein A,350,44,59,84,85.57457213,65.625,11.32511556,9.38E-28,5.50E-24,1.42E-26,1,1,1,1,1
group_1947,,DegT family aminotransferase,350,44,59,84,85.57457213,65.625,11.32511556,9.38E-28,5.50E-24,1.42E-26,1,1,1,1,1
neuC,,UDP-N-acetylglucosamine 2-epimerase,350,44,59,84,85.57457213,65.625,11.32511556,9.38E-28,5.50E-24,1.42E-26,1,1,1,1,1
maf-4,,PseE,59,84,350,44,14.42542787,34.375,0.08829932,9.38E-28,5.50E-24,1.42E-26,1,1,1,1,1
group_1870,,hypothetical protein,181,0,228,128,44.25427873,100,inf,9.95E-28,5.84E-24,1.50E-26,1,1,0,1,1
group_974,,capsular polysaccharide biosynthesis protein,181,0,228,128,44.25427873,100,inf,9.95E-28,5.84E-24,1.50E-26,1,1,0,1,1
group_3056,,hypothetical protein,9,52,400,76,2.200488998,59.375,0.032884615,1.10E-27,6.45E-24,1.65E-26,1,1,1,1,1
group_718,,Amino acid adenylation domain protein,60,84,349,44,14.66992665,34.375,0.090053213,2.00E-27,1.17E-23,3.00E-26,1,1,1,1,1
maf3,,Motility accessory factor 3,58,83,351,45,14.1809291,35.15625,0.089589126,2.27E-27,1.33E-23,3.39E-26,1,1,1,1,1
group_135,,putative sugar transferase,179,0,230,128,43.76528117,100,inf,2.48E-27,1.46E-23,3.70E-26,1,1,0,1,1
group_3589,,Putative glycosyltransferase,0,39,409,89,0,69.53125,0,3.26E-27,1.91E-23,4.83E-26,1,0,1,1,1
group_2037,,Hypothetical protein,0,39,409,89,0,69.53125,0,3.26E-27,1.91E-23,4.83E-26,1,0,1,1,1
group_4131,,putative sugar transferase,0,39,409,89,0,69.53125,0,3.26E-27,1.91E-23,4.83E-26,1,0,1,1,1
group_1855,,nucleotide sugar dehydratase,350,45,59,83,85.57457213,64.84375,10.94161959,4.85E-27,2.84E-23,7.15E-26,1,1,1,1,1
ptmB,,acylneuraminate cytidylyltransferase,350,45,59,83,85.57457213,64.84375,10.94161959,4.85E-27,2.84E-23,7.15E-26,1,1,1,1,1
group_1723,,"ABC transporter, periplasmic substrate-binding protein",398,75,11,53,97.31051345,41.40625,25.56848485,5.37E-27,3.15E-23,7.89E-26,1,1,1,1,1
group_2597,,hypothetical protein,177,0,232,128,43.27628362,100,inf,6.17E-27,3.62E-23,9.04E-26,1,1,0,1,1
cipA_1,,Invasion phenotype protein,176,0,233,128,43.03178484,100,inf,1.36E-26,7.99E-23,1.99E-25,1,1,0,1,1
group_4067,,hypothetical protein,0,38,409,90,0,70.3125,0,1.81E-26,1.06E-22,2.64E-25,1,0,1,1,1
prpB,,hypothetical protein,1,40,408,88,0.244498778,68.75,0.005392157,1.98E-26,1.16E-22,2.88E-25,1,1,1,1,1
neuB2,,Legionaminic acid synthase,350,46,59,82,85.57457213,64.0625,10.57479735,2.45E-26,1.44E-22,3.55E-25,1,1,1,1,1
group_1058,maf-3,Motility accessory factor,53,79,356,49,12.95843521,38.28125,0.092341061,3.08E-26,1.81E-22,4.46E-25,1,1,1,1,1
group_1370,,hypothetical protein,235,128,174,0,57.45721271,0,0,3.49E-26,2.05E-22,4.91E-25,1,0,1,1,1
group_1014,,hypothetical protein,174,0,235,128,42.54278729,100,inf,3.49E-26,2.05E-22,4.91E-25,1,1,0,1,1
group_2957,,hypothetical protein,174,0,235,128,42.54278729,100,inf,3.49E-26,2.05E-22,4.91E-25,1,1,0,1,1
group_2961,,hypothetical protein,174,0,235,128,42.54278729,100,inf,3.49E-26,2.05E-22,4.91E-25,1,1,0,1,1
group_2962,,hypothetical protein,174,0,235,128,42.54278729,100,inf,3.49E-26,2.05E-22,4.91E-25,1,1,0,1,1
group_3465,,hypothetical protein,174,0,235,128,42.54278729,100,inf,3.49E-26,2.05E-22,4.91E-25,1,1,0,1,1
hcpA,,Major exported protein,174,0,235,128,42.54278729,100,inf,3.49E-26,2.05E-22,4.91E-25,1,1,0,1,1
group_3468,,hypothetical protein,174,0,235,128,42.54278729,100,inf,3.49E-26,2.05E-22,4.91E-25,1,1,0,1,1
group_3475,,hypothetical protein,174,0,235,128,42.54278729,100,inf,3.49E-26,2.05E-22,4.91E-25,1,1,0,1,1
group_3477,,cpp21,174,0,235,128,42.54278729,100,inf,3.49E-26,2.05E-22,4.91E-25,1,1,0,1,1
group_4189,,hypothetical protein,174,0,235,128,42.54278729,100,inf,3.49E-26,2.05E-22,4.91E-25,1,1,0,1,1
group_3479,,hypothetical protein,174,0,235,128,42.54278729,100,inf,3.49E-26,2.05E-22,4.91E-25,1,1,0,1,1
group_3464,,hypothetical protein,173,0,236,128,42.29828851,100,inf,3.76E-26,2.21E-22,5.25E-25,1,1,0,1,1
group_3470,,hypothetical protein,173,0,236,128,42.29828851,100,inf,3.76E-26,2.21E-22,5.25E-25,1,1,0,1,1
group_3473,,hypothetical protein,173,0,236,128,42.29828851,100,inf,3.76E-26,2.21E-22,5.25E-25,1,1,0,1,1
group_696,,hypothetical protein,204,4,205,124,49.87775061,96.875,30.84878049,4.72E-26,2.77E-22,6.58E-25,1,1,1,1,1
group_3408,,Putative uncharacterized protein,238,128,171,0,58.19070905,0,0,9.24E-26,5.41E-22,1.28E-24,1,0,1,1,1
group_2599,,hypothetical protein,171,0,238,128,41.80929095,100,inf,9.24E-26,5.41E-22,1.28E-24,1,1,0,1,1
group_1074,,putative transcription regulator,171,0,238,128,41.80929095,100,inf,9.24E-26,5.41E-22,1.28E-24,1,1,0,1,1
group_1298,,hypothetical protein,180,1,229,127,44.00977995,99.21875,99.82532751,1.03E-25,6.05E-22,1.42E-24,1,1,1,1,1
lpxB,,lipid-A-disaccharide synthetase,406,86,3,42,99.26650367,32.8125,66.09302326,1.47E-25,8.61E-22,2.02E-24,1,1,1,1,1
araQ,,L-arabinose transport system permease protein AraQ,239,128,170,0,58.43520782,0,0,2.25E-25,1.32E-21,3.04E-24,1,0,1,1,1
group_2934,,Binding-protein-dependent transport systems inner membrane component,239,128,170,0,58.43520782,0,0,2.25E-25,1.32E-21,3.04E-24,1,0,1,1,1
group_3407,,Putative uncharacterized protein,239,128,170,0,58.43520782,0,0,2.25E-25,1.32E-21,3.04E-24,1,0,1,1,1
group_2280,,hypothetical protein,170,0,239,128,41.56479218,100,inf,2.25E-25,1.32E-21,3.04E-24,1,1,0,1,1
group_2393,,hypothetical protein,170,0,239,128,41.56479218,100,inf,2.25E-25,1.32E-21,3.04E-24,1,1,0,1,1
group_3469,,hypothetical protein,170,0,239,128,41.56479218,100,inf,2.25E-25,1.32E-21,3.04E-24,1,1,0,1,1
recD2,,ATP-dependent RecD-like DNA helicase,169,0,240,128,41.3202934,100,inf,2.25E-25,1.32E-21,3.04E-24,1,1,0,1,1
group_556,,hypothetical protein,169,0,240,128,41.3202934,100,inf,2.25E-25,1.32E-21,3.04E-24,1,1,0,1,1
group_728,wcbK,GDP-D-mannose dehydratase,169,0,240,128,41.3202934,100,inf,2.25E-25,1.32E-21,3.04E-24,1,1,0,1,1
group_3466,,hypothetical protein,168,0,241,128,41.07579462,100,inf,2.83E-25,1.66E-21,3.80E-24,1,1,0,1,1
group_4132,,hypothetical protein,0,36,409,92,0,71.875,0,5.41E-25,3.17E-21,7.26E-24,1,0,1,1,1
group_942,,hypothetical protein,167,0,242,128,40.83129584,100,inf,5.47E-25,3.21E-21,7.32E-24,1,1,0,1,1
group_881,,hypothetical protein,176,1,233,127,43.03178484,99.21875,95.93133047,6.12E-25,3.59E-21,8.17E-24,1,1,1,1,1
group_2376,,Putative uncharacterized protein,234,127,175,1,57.21271394,0.78125,0.010528684,1.32E-24,7.75E-21,1.76E-23,1,1,1,1,1
group_1642,,hypothetical protein,174,1,235,127,42.54278729,99.21875,94.03404255,1.48E-24,8.67E-21,1.92E-23,1,1,1,1,1
group_2954,,hypothetical protein,174,1,235,127,42.54278729,99.21875,94.03404255,1.48E-24,8.67E-21,1.92E-23,1,1,1,1,1
group_2955,,hypothetical protein,174,1,235,127,42.54278729,99.21875,94.03404255,1.48E-24,8.67E-21,1.92E-23,1,1,1,1,1
group_2956,,hypothetical protein,174,1,235,127,42.54278729,99.21875,94.03404255,1.48E-24,8.67E-21,1.92E-23,1,1,1,1,1
group_2958,,hypothetical protein,174,1,235,127,42.54278729,99.21875,94.03404255,1.48E-24,8.67E-21,1.92E-23,1,1,1,1,1
group_2963,,hypothetical protein,174,1,235,127,42.54278729,99.21875,94.03404255,1.48E-24,8.67E-21,1.92E-23,1,1,1,1,1
group_2964,,hypothetical protein,174,1,235,127,42.54278729,99.21875,94.03404255,1.48E-24,8.67E-21,1.92E-23,1,1,1,1,1
group_3462,,hypothetical protein,174,1,235,127,42.54278729,99.21875,94.03404255,1.48E-24,8.67E-21,1.92E-23,1,1,1,1,1
group_3463,,hypothetical protein,174,1,235,127,42.54278729,99.21875,94.03404255,1.48E-24,8.67E-21,1.92E-23,1,1,1,1,1
group_3476,,cpp13,174,1,235,127,42.54278729,99.21875,94.03404255,1.48E-24,8.67E-21,1.92E-23,1,1,1,1,1
group_2969,,hypothetical protein,174,1,235,127,42.54278729,99.21875,94.03404255,1.48E-24,8.67E-21,1.92E-23,1,1,1,1,1
group_312,dapH,hypothetical protein,164,0,245,128,40.09779951,100,inf,1.58E-24,9.26E-21,2.05E-23,1,1,0,1,1
group_229,,MFS di-/tripeptide transporter,164,0,245,128,40.09779951,100,inf,1.58E-24,9.26E-21,2.05E-23,1,1,0,1,1
group_1707,,hypothetical protein,0,35,409,93,0,72.65625,0,2.92E-24,1.71E-20,3.77E-23,1,0,1,1,1
group_3471,,hypothetical protein,173,1,236,127,42.29828851,99.21875,93.09745763,3.28E-24,1.92E-20,4.22E-23,1,1,1,1,1
group_3472,,hypothetical protein,173,1,236,127,42.29828851,99.21875,93.09745763,3.28E-24,1.92E-20,4.22E-23,1,1,1,1,1
group_1615,,hypothetical protein,237,127,172,1,57.94621027,0.78125,0.010849661,3.56E-24,2.09E-20,4.55E-23,1,1,1,1,1
group_2968,,hypothetical protein,172,1,237,127,42.05378973,99.21875,92.16877637,3.56E-24,2.09E-20,4.55E-23,1,1,1,1,1
group_822,,"alpha-2,3-sialyltransferase",162,0,247,128,39.60880196,100,inf,3.71E-24,2.17E-20,4.71E-23,1,1,0,1,1
group_971,,putative sugar transferase,162,0,247,128,39.60880196,100,inf,3.71E-24,2.17E-20,4.71E-23,1,1,0,1,1
group_1358,,putative transferase,162,0,247,128,39.60880196,100,inf,3.71E-24,2.17E-20,4.71E-23,1,1,0,1,1
group_2600,,hypothetical protein,160,0,249,128,39.1198044,100,inf,8.64E-24,5.06E-20,1.09E-22,1,1,0,1,1
group_2800,,capsule biosynthesis phosphatase,160,0,249,128,39.1198044,100,inf,8.64E-24,5.06E-20,1.09E-22,1,1,0,1,1
group_12,,Putative uncharacterized protein,180,117,229,11,44.00977995,8.59375,0.073899899,1.38E-23,8.08E-20,1.74E-22,1,1,1,1,1
group_3237,,hypothetical protein,159,0,250,128,38.87530562,100,inf,1.78E-23,1.04E-19,2.23E-22,1,1,0,1,1
group_438,,hypothetical protein,159,0,250,128,38.87530562,100,inf,1.78E-23,1.04E-19,2.23E-22,1,1,0,1,1
group_288,,hypothetical protein,159,0,250,128,38.87530562,100,inf,1.78E-23,1.04E-19,2.23E-22,1,1,0,1,1
group_1944,,hypothetical protein,157,0,252,128,38.38630807,100,inf,4.16E-23,2.44E-19,5.20E-22,1,1,0,1,1
group_1951,,hypothetical protein,157,0,252,128,38.38630807,100,inf,4.16E-23,2.44E-19,5.20E-22,1,1,0,1,1
group_1628,,hypothetical protein,174,2,235,126,42.54278729,98.4375,46.64680851,4.20E-23,2.46E-19,5.22E-22,1,1,1,1,1
group_2970,,cpp22,174,2,235,126,42.54278729,98.4375,46.64680851,4.20E-23,2.46E-19,5.22E-22,1,1,1,1,1
group_271,,putative sugar nucleotidyltransferase,156,0,253,128,38.14180929,100,inf,4.61E-23,2.70E-19,5.71E-22,1,1,0,1,1
group_2750,,hypothetical protein,156,0,253,128,38.14180929,100,inf,4.61E-23,2.70E-19,5.71E-22,1,1,0,1,1
group_2751,,hypothetical protein,155,0,254,128,37.89731051,100,inf,9.66E-23,5.66E-19,1.19E-21,1,1,0,1,1
group_1828,,Putative oxidoreductase subunit,307,34,102,94,75.06112469,73.4375,8.321222607,9.81E-23,5.75E-19,1.21E-21,1,1,1,1,1
group_3450,,hypothetical protein,154,0,255,128,37.65281174,100,inf,1.05E-22,6.18E-19,1.30E-21,1,1,0,1,1
group_863,,Putative uncharacterized protein,77,84,332,44,18.82640587,34.375,0.121485944,2.11E-22,1.24E-18,2.59E-21,1,1,1,1,1
group_321,,hypothetical protein,152,0,257,128,37.16381418,100,inf,2.40E-22,1.41E-18,2.94E-21,1,1,0,1,1
group_2088,,putative MATE family transport protein,409,96,0,32,100,25,inf,4.36E-22,2.56E-18,5.24E-21,1,1,0,1,1
ansA,,L-asparaginase,409,96,0,32,100,25,inf,4.36E-22,2.56E-18,5.24E-21,1,1,0,1,1
group_992,,Putative uncharacterized protein,409,96,0,32,100,25,inf,4.36E-22,2.56E-18,5.24E-21,1,1,0,1,1
group_3599,ansA,L-asparaginase,0,32,409,96,0,75,0,4.36E-22,2.56E-18,5.24E-21,1,0,1,1,1
group_3941,,MATE efflux family protein,0,32,409,96,0,75,0,4.36E-22,2.56E-18,5.24E-21,1,0,1,1,1
group_3568,,hypothetical protein,0,32,409,96,0,75,0,4.36E-22,2.56E-18,5.24E-21,1,0,1,1,1
group_3582,,transposase,0,32,409,96,0,75,0,4.36E-22,2.56E-18,5.24E-21,1,0,1,1,1
group_3583,,transposase A-OrfA,0,32,409,96,0,75,0,4.36E-22,2.56E-18,5.24E-21,1,0,1,1,1
group_2497,maf7,motility accessory factor,0,32,409,96,0,75,0,4.36E-22,2.56E-18,5.24E-21,1,0,1,1,1
group_3932,,Putative uncharacterized protein,0,32,409,96,0,75,0,4.36E-22,2.56E-18,5.24E-21,1,0,1,1,1
group_1418,,"baseplate assembly protein W, putative",151,0,258,128,36.9193154,100,inf,5.08E-22,2.98E-18,6.04E-21,1,1,0,1,1
group_1734,,Baseplate assembly protein V,151,0,258,128,36.9193154,100,inf,5.08E-22,2.98E-18,6.04E-21,1,1,0,1,1
group_2061,,"baseplate assembly protein J, putative",151,0,258,128,36.9193154,100,inf,5.08E-22,2.98E-18,6.04E-21,1,1,0,1,1
group_1065,,hypothetical protein,151,0,258,128,36.9193154,100,inf,5.08E-22,2.98E-18,6.04E-21,1,1,0,1,1
group_1067,,hypothetical protein,151,0,258,128,36.9193154,100,inf,5.08E-22,2.98E-18,6.04E-21,1,1,0,1,1
group_2559,,"lipoprotein, putative",150,0,259,128,36.67481663,100,inf,5.41E-22,3.17E-18,6.40E-21,1,1,0,1,1
group_2560,,hypothetical protein,150,0,259,128,36.67481663,100,inf,5.41E-22,3.17E-18,6.40E-21,1,1,0,1,1
group_803,,"phage tail protein, putative",150,0,259,128,36.67481663,100,inf,5.41E-22,3.17E-18,6.40E-21,1,1,0,1,1
group_437,,hypothetical protein,249,127,160,1,60.8801956,0.78125,0.012253937,6.04E-22,3.54E-18,7.12E-21,1,1,1,1,1
group_114,,Putative periplasmic protein,82,85,327,43,20.04889976,33.59375,0.126857348,9.71E-22,5.69E-18,1.14E-20,1,1,1,1,1
group_1066,,hypothetical protein,149,0,260,128,36.43031785,100,inf,1.15E-21,6.75E-18,1.35E-20,1,1,0,1,1
group_1733,,hypothetical protein,149,0,260,128,36.43031785,100,inf,1.15E-21,6.75E-18,1.35E-20,1,1,0,1,1
group_1192,,hypothetical protein,149,0,260,128,36.43031785,100,inf,1.15E-21,6.75E-18,1.35E-20,1,1,0,1,1
group_1299,,hypothetical protein,148,0,261,128,36.18581907,100,inf,1.21E-21,7.12E-18,1.42E-20,1,1,0,1,1
group_1141,,capsular polysaccharide biosynthesis protein,148,0,261,128,36.18581907,100,inf,1.21E-21,7.12E-18,1.42E-20,1,1,0,1,1
group_3451,,putative RelE/StbE family addiction module toxin,158,1,251,127,38.63080685,99.21875,79.94422311,1.39E-21,8.12E-18,1.61E-20,1,1,1,1,1
group_3452,,hypothetical protein,158,1,251,127,38.63080685,99.21875,79.94422311,1.39E-21,8.12E-18,1.61E-20,1,1,1,1,1
omp50,,50 kda outer membrane protein precursor,296,32,113,96,72.37163814,75,7.85840708,1.57E-21,9.20E-18,1.81E-20,1,1,1,1,1
group_1856,,hypothetical protein,296,32,113,96,72.37163814,75,7.85840708,1.57E-21,9.20E-18,1.81E-20,1,1,1,1,1
group_1619,,hypothetical protein,157,1,252,127,38.38630807,99.21875,79.12301587,1.60E-21,9.38E-18,1.85E-20,1,1,1,1,1
flgE,,flagellar hook protein FlgE,204,8,205,120,49.87775061,93.75,14.92682927,1.61E-21,9.46E-18,1.86E-20,1,1,1,1,1
group_1039,,membrane protein,147,0,262,128,35.94132029,100,inf,2.58E-21,1.51E-17,2.97E-20,1,1,0,1,1
group_1964,,hypothetical protein,146,0,263,128,35.69682152,100,inf,2.71E-21,1.59E-17,3.10E-20,1,1,0,1,1
group_255,,Putative uncharacterized protein,16,49,393,79,3.91198044,61.71875,0.065638469,2.75E-21,1.61E-17,3.14E-20,1,1,1,1,1
group_1207,,Gluconate 2-dehydrogenase flavoprotein,79,83,330,45,19.31540342,35.15625,0.129791895,3.25E-21,1.91E-17,3.72E-20,1,1,1,1,1
group_143,,Putative outer-membrane protein,59,74,350,54,14.42542787,42.1875,0.123011583,4.49E-21,2.63E-17,5.12E-20,1,1,1,1,1
group_1113,rdxA,nitroreductase family protein,57,73,352,55,13.93643032,42.96875,0.122003425,4.86E-21,2.85E-17,5.53E-20,1,1,1,1,1
group_2914,,radical SAM domain protein,264,128,145,0,64.54767726,0,0,5.75E-21,3.37E-17,6.52E-20,1,0,1,1,1
group_3291,,radical SAM domain protein,145,0,264,128,35.45232274,100,inf,5.75E-21,3.37E-17,6.52E-20,1,1,0,1,1
group_604,,hypothetical protein,144,0,265,128,35.20782396,100,inf,5.99E-21,3.51E-17,6.78E-20,1,1,0,1,1
rdxA,,Oxygen-insensitive NAD(P)H nitroreductase / Dihydropteridine reductase,351,55,58,73,85.8190709,57.03125,8.032288401,9.52E-21,5.58E-17,1.08E-19,1,1,1,1,1
group_3277,,"glycerol-3-phosphate transporter, authentic frameshift",10,43,399,85,2.444987775,66.40625,0.049542461,9.57E-21,5.61E-17,1.08E-19,1,1,1,1,1
group_657,,Putative uncharacterized protein,175,4,234,124,42.78728606,96.875,23.18376068,9.98E-21,5.85E-17,1.12E-19,1,1,1,1,1
tetO,,tetracycline resistance protein,1,32,408,96,0.244498778,75,0.007352941,1.17E-20,6.88E-17,1.32E-19,1,1,1,1,1
group_1649,,cpp26,251,20,158,108,61.36919315,84.375,8.578481013,1.25E-20,7.31E-17,1.39E-19,1,1,1,1,1
group_2398,,cpp12,251,20,158,108,61.36919315,84.375,8.578481013,1.25E-20,7.31E-17,1.39E-19,1,1,1,1,1
group_2967,,hypothetical protein,251,20,158,108,61.36919315,84.375,8.578481013,1.25E-20,7.31E-17,1.39E-19,1,1,1,1,1
group_2397,,hypothetical protein,251,20,158,108,61.36919315,84.375,8.578481013,1.25E-20,7.31E-17,1.39E-19,1,1,1,1,1
group_2607,,hypothetical protein,143,0,266,128,34.96332518,100,inf,1.27E-20,7.44E-17,1.41E-19,1,1,0,1,1
group_3244,,hypothetical protein,143,0,266,128,34.96332518,100,inf,1.27E-20,7.44E-17,1.41E-19,1,1,0,1,1
group_3460,,hypothetical protein,143,0,266,128,34.96332518,100,inf,1.27E-20,7.44E-17,1.41E-19,1,1,0,1,1
group_2608,,hypothetical protein,142,0,267,128,34.71882641,100,inf,1.32E-20,7.72E-17,1.45E-19,1,1,0,1,1
group_3243,,hypothetical protein,142,0,267,128,34.71882641,100,inf,1.32E-20,7.72E-17,1.45E-19,1,1,0,1,1
group_158,,hypothetical protein (617 family),140,0,269,128,34.22982885,100,inf,2.88E-20,1.69E-16,3.15E-19,1,1,0,1,1
group_2611,,hypothetical protein,140,0,269,128,34.22982885,100,inf,2.88E-20,1.69E-16,3.15E-19,1,1,0,1,1
group_1648,,hypothetical protein,140,0,269,128,34.22982885,100,inf,2.88E-20,1.69E-16,3.15E-19,1,1,0,1,1
group_2965,,hypothetical protein,140,0,269,128,34.22982885,100,inf,2.88E-20,1.69E-16,3.15E-19,1,1,0,1,1
flgE2,,flagellar hook subunit protein,11,43,398,85,2.689486553,66.40625,0.054633633,3.89E-20,2.28E-16,4.26E-19,1,1,1,1,1
group_1646,,hypothetical protein,149,1,260,127,36.43031785,99.21875,72.78076923,3.93E-20,2.31E-16,4.29E-19,1,1,1,1,1
group_1256,,hypothetical protein,27,55,382,73,6.601466993,57.03125,0.09381247,4.21E-20,2.47E-16,4.59E-19,1,1,1,1,1
group_1258,,DNA-binding protein Roi,164,3,245,125,40.09779951,97.65625,27.89115646,4.98E-20,2.92E-16,5.42E-19,1,1,1,1,1
group_2558,,hypothetical protein,137,0,272,128,33.49633252,100,inf,1.30E-19,7.62E-16,1.41E-18,1,1,0,1,1
group_844,gmhA-2,Phosphoheptose isomerase,137,0,272,128,33.49633252,100,inf,1.30E-19,7.62E-16,1.41E-18,1,1,0,1,1
group_372,recD2,ATP-dependent RecD-like DNA helicase,136,0,273,128,33.25183374,100,inf,1.35E-19,7.89E-16,1.46E-18,1,1,0,1,1
group_421,,Capsular polysaccharide biosynthesis heptosyltransferase HddD,135,0,274,128,33.00733496,100,inf,2.78E-19,1.63E-15,2.99E-18,1,1,0,1,1
group_2302,,"serine protease, subtilase family",135,0,274,128,33.00733496,100,inf,2.78E-19,1.63E-15,2.99E-18,1,1,0,1,1
group_1559,,RdgB/HAM1 family non-canonical purine NTP pyrophosphatase,275,128,134,0,67.23716381,0,0,2.88E-19,1.69E-15,3.07E-18,1,0,1,1,1
group_2913,,Xanthine/uracil permease family protein,275,128,134,0,67.23716381,0,0,2.88E-19,1.69E-15,3.07E-18,1,0,1,1,1
group_1560,,RdgB/HAM1 family non-canonical purine NTP pyrophosphatase,134,0,275,128,32.76283619,100,inf,2.88E-19,1.69E-15,3.07E-18,1,1,0,1,1
group_3292,,xanthine/uracil permease family protein,134,0,275,128,32.76283619,100,inf,2.88E-19,1.69E-15,3.07E-18,1,1,0,1,1
group_2107,,hypothetical protein,134,0,275,128,32.76283619,100,inf,2.88E-19,1.69E-15,3.07E-18,1,1,0,1,1
group_3250,,hypothetical protein,134,0,275,128,32.76283619,100,inf,2.88E-19,1.69E-15,3.07E-18,1,1,0,1,1
group_966,,putative sugar-phosphate nucleotide transferase,143,1,266,127,34.96332518,99.21875,68.27443609,4.05E-19,2.38E-15,4.31E-18,1,1,1,1,1
group_2391,,hypothetical protein,133,0,276,128,32.51833741,100,inf,5.90E-19,3.46E-15,6.24E-18,1,1,0,1,1
group_2959,,hypothetical protein,133,0,276,128,32.51833741,100,inf,5.90E-19,3.46E-15,6.24E-18,1,1,0,1,1
group_3461,,hypothetical protein,133,0,276,128,32.51833741,100,inf,5.90E-19,3.46E-15,6.24E-18,1,1,0,1,1
group_3488,,hypothetical protein,132,0,277,128,32.27383863,100,inf,6.14E-19,3.60E-15,6.45E-18,1,1,0,1,1
group_3489,,hypothetical protein,132,0,277,128,32.27383863,100,inf,6.14E-19,3.60E-15,6.45E-18,1,1,0,1,1
group_2394,,hypothetical protein,132,0,277,128,32.27383863,100,inf,6.14E-19,3.60E-15,6.45E-18,1,1,0,1,1
group_3413,,hypothetical protein,132,0,277,128,32.27383863,100,inf,6.14E-19,3.60E-15,6.45E-18,1,1,0,1,1
secE,,Preprotein translocase subunit SecE,355,60,54,68,86.79706601,53.125,7.450617284,6.73E-19,3.95E-15,7.06E-18,1,1,1,1,1
group_984,,"Non-heme iron protein, hemerythrin family",296,36,113,92,72.37163814,71.875,6.694198623,6.96E-19,4.08E-15,7.29E-18,1,1,1,1,1
group_3017,,hypothetical protein,11,41,398,87,2.689486553,67.96875,0.058646893,7.74E-19,4.54E-15,8.08E-18,1,1,1,1,1
ctsF,,general secretory pathway protein F,9,39,400,89,2.200488998,69.53125,0.051346154,9.63E-19,5.65E-15,1.00E-17,1,1,1,1,1
group_1983,,hypothetical protein,131,0,278,128,32.02933985,100,inf,1.24E-18,7.28E-15,1.29E-17,1,1,0,1,1
group_82,,hypothetical protein,131,0,278,128,32.02933985,100,inf,1.24E-18,7.28E-15,1.29E-17,1,1,0,1,1
group_948,,hypothetical protein,131,0,278,128,32.02933985,100,inf,1.24E-18,7.28E-15,1.29E-17,1,1,0,1,1
group_1776,,hypothetical protein,163,4,246,124,39.85330073,96.875,20.54065041,1.26E-18,7.41E-15,1.31E-17,1,1,1,1,1
group_1489,,Putative uncharacterized protein,279,128,130,0,68.21515892,0,0,1.30E-18,7.62E-15,1.34E-17,1,0,1,1,1
group_223,,Putative uncharacterized protein,1,29,408,99,0.244498778,77.34375,0.00836714,1.47E-18,8.62E-15,1.52E-17,1,1,1,1,1
group_1748,,hypothetical protein,140,1,269,127,34.22982885,99.21875,66.09665428,1.71E-18,1.00E-14,1.76E-17,1,1,1,1,1
group_487,,methyl-accepting chemotaxis protein,139,1,270,127,33.98533007,99.21875,65.38148148,1.86E-18,1.09E-14,1.91E-17,1,1,1,1,1
group_2380,,hypothetical protein,139,1,270,127,33.98533007,99.21875,65.38148148,1.86E-18,1.09E-14,1.91E-17,1,1,1,1,1
group_3415,,hypothetical protein,128,0,281,128,31.29584352,100,inf,2.74E-18,1.60E-14,2.80E-17,1,1,0,1,1
group_3416,,hypothetical protein,128,0,281,128,31.29584352,100,inf,2.74E-18,1.60E-14,2.80E-17,1,1,0,1,1
cysC_1,,Adenylyl-sulfate kinase,12,41,397,87,2.93398533,67.96875,0.064139583,2.82E-18,1.65E-14,2.88E-17,1,1,1,1,1
group_1053,,Putative transmembrane transport protein,5,34,404,94,1.222493888,73.4375,0.034216657,3.29E-18,1.93E-14,3.36E-17,1,1,1,1,1
group_3018,,hypothetical protein,11,40,398,88,2.689486553,68.75,0.06080402,3.38E-18,1.98E-14,3.43E-17,1,1,1,1,1
pphA,,Phosphonopyruvate hydrolase,11,40,398,88,2.689486553,68.75,0.06080402,3.38E-18,1.98E-14,3.43E-17,1,1,1,1,1
group_3418,,hypothetical protein,127,0,282,128,31.05134474,100,inf,5.40E-18,3.17E-14,5.48E-17,1,1,0,1,1
group_1629,,hypothetical protein,126,0,283,128,30.80684597,100,inf,5.73E-18,3.36E-14,5.80E-17,1,1,0,1,1
group_3242,,hypothetical protein,151,3,258,125,36.9193154,97.65625,24.38630491,1.02E-17,5.99E-14,1.03E-16,1,1,1,1,1
group_1255,,hypothetical protein,125,0,284,128,30.56234719,100,inf,1.12E-17,6.54E-14,1.13E-16,1,1,0,1,1
group_2369,,putative periplasmic protein,285,128,124,0,69.68215159,0,0,1.19E-17,6.99E-14,1.20E-16,1,0,1,1,1
group_3411,,putative periplasmic protein,124,0,285,128,30.31784841,100,inf,1.19E-17,6.99E-14,1.20E-16,1,1,0,1,1
group_986,,"McrBC restriction endonuclease system, McrB subunit, putative",235,20,174,108,57.45721271,84.375,7.293103448,1.20E-17,7.06E-14,1.21E-16,1,1,1,1,1
group_2953,,hypothetical protein,133,1,276,127,32.51833741,99.21875,61.19927536,1.74E-17,1.02E-13,1.74E-16,1,1,1,1,1
group_2960,,hypothetical protein,133,1,276,127,32.51833741,99.21875,61.19927536,1.74E-17,1.02E-13,1.74E-16,1,1,1,1,1
group_148,,Putative outer-membrane protein,2,29,407,99,0.488997555,77.34375,0.016775396,1.85E-17,1.08E-13,1.85E-16,1,1,1,1,1
wlaN,,"beta-1,3 galactosyltransferase",123,0,286,128,30.07334963,100,inf,2.29E-17,1.34E-13,2.27E-16,1,1,0,1,1
group_3373,,hypothetical protein,123,0,286,128,30.07334963,100,inf,2.29E-17,1.34E-13,2.27E-16,1,1,0,1,1
group_2610,,hypothetical protein,123,0,286,128,30.07334963,100,inf,2.29E-17,1.34E-13,2.27E-16,1,1,0,1,1
group_2106,,hypothetical protein,155,4,254,124,37.89731051,96.875,18.91732283,2.76E-17,1.62E-13,2.74E-16,1,1,1,1,1
group_2399,,hypothetical protein,132,1,277,127,32.27383863,99.21875,60.5198556,3.31E-17,1.94E-13,3.28E-16,1,1,1,1,1
group_3474,,hypothetical protein,121,0,288,128,29.58435208,100,inf,4.67E-17,2.74E-13,4.62E-16,1,1,0,1,1
group_1978,,hypothetical protein,120,0,289,128,29.3398533,100,inf,5.10E-17,2.99E-13,5.03E-16,1,1,0,1,1
wcbK,,GDP-D-mannose dehydratase,206,14,203,114,50.36674817,89.0625,8.263194933,5.60E-17,3.28E-13,5.52E-16,1,1,1,1,1
group_2105,,hypothetical protein,153,4,256,124,37.40831296,96.875,18.52734375,5.85E-17,3.43E-13,5.76E-16,1,1,1,1,1
group_260,,putative integral membrane protein,273,32,136,96,66.74816626,75,6.022058824,8.97E-17,5.26E-13,8.81E-16,1,1,1,1,1
group_3414,,hypothetical protein,128,1,281,127,31.29584352,99.21875,57.85053381,1.40E-16,8.21E-13,1.37E-15,1,1,1,1,1
group_1775,,"phage repressor protein, putative",39,56,370,72,9.535452323,56.25,0.135521236,1.79E-16,1.05E-12,1.76E-15,1,1,1,1,1
group_461,,putative periplasmic protein,0,24,409,104,0,81.25,0,1.91E-16,1.12E-12,1.80E-15,1,0,1,1,1
yihN,,Inner membrane protein YihN,0,24,409,104,0,81.25,0,1.91E-16,1.12E-12,1.80E-15,1,0,1,1,1
group_3557,,hypothetical protein,0,24,409,104,0,81.25,0,1.91E-16,1.12E-12,1.80E-15,1,0,1,1,1
group_123,,Putative periplasmic protein,0,24,409,104,0,81.25,0,1.91E-16,1.12E-12,1.80E-15,1,0,1,1,1
group_3573,,"McrBC restriction endonuclease system, McrB subunit, putative",0,24,409,104,0,81.25,0,1.91E-16,1.12E-12,1.80E-15,1,0,1,1,1
group_2492,,hypothetical protein,0,24,409,104,0,81.25,0,1.91E-16,1.12E-12,1.80E-15,1,0,1,1,1
group_2493,,hypothetical protein,0,24,409,104,0,81.25,0,1.91E-16,1.12E-12,1.80E-15,1,0,1,1,1
group_2494,,hypothetical protein,0,24,409,104,0,81.25,0,1.91E-16,1.12E-12,1.80E-15,1,0,1,1,1
group_3111,,"capsular polysaccharide biosynthesis protein, putative",0,24,409,104,0,81.25,0,1.91E-16,1.12E-12,1.80E-15,1,0,1,1,1
group_3572,,hypothetical protein,0,24,409,104,0,81.25,0,1.91E-16,1.12E-12,1.80E-15,1,0,1,1,1
group_3943,,putative sugar transferase,0,24,409,104,0,81.25,0,1.91E-16,1.12E-12,1.80E-15,1,0,1,1,1
group_3944,,phosphoheptose isomerase,0,24,409,104,0,81.25,0,1.91E-16,1.12E-12,1.80E-15,1,0,1,1,1
iolG,,Inositol 2-dehydrogenase/D-chiro-inositol 3-dehydrogenase,0,24,409,104,0,81.25,0,1.91E-16,1.12E-12,1.80E-15,1,0,1,1,1
kdsB_2,,"8-amino-3,8-dideoxy-manno-octulosonate cytidylyltransferase",0,24,409,104,0,81.25,0,1.91E-16,1.12E-12,1.80E-15,1,0,1,1,1
group_3947,,D-3-phosphoglycerate dehydrogenase,0,24,409,104,0,81.25,0,1.91E-16,1.12E-12,1.80E-15,1,0,1,1,1
group_3948,,hypothetical protein,0,24,409,104,0,81.25,0,1.91E-16,1.12E-12,1.80E-15,1,0,1,1,1
group_3949,,CysQ protein-like protein,0,24,409,104,0,81.25,0,1.91E-16,1.12E-12,1.80E-15,1,0,1,1,1
group_3950,,hypothetical protein,0,24,409,104,0,81.25,0,1.91E-16,1.12E-12,1.80E-15,1,0,1,1,1
group_3951,,"capsular polysaccharide biosynthesis protein, putative",0,24,409,104,0,81.25,0,1.91E-16,1.12E-12,1.80E-15,1,0,1,1,1
group_3952,,hypothetical protein,0,24,409,104,0,81.25,0,1.91E-16,1.12E-12,1.80E-15,1,0,1,1,1
group_3953,,haloacid dehalogenase-like hydrolase domain/phosphoribulokinase domain protein,0,24,409,104,0,81.25,0,1.91E-16,1.12E-12,1.80E-15,1,0,1,1,1
group_3954,,"capsular polysaccharide biosynthesis protein, putative",0,24,409,104,0,81.25,0,1.91E-16,1.12E-12,1.80E-15,1,0,1,1,1
group_1056,fcl,GDP-fucose synthetase,116,0,293,128,28.36185819,100,inf,2.14E-16,1.25E-12,2.01E-15,1,1,0,1,1
glpQ-2,,Glycerophosphoryl diester phosphodiesterase,375,75,34,53,91.68704156,41.40625,7.794117647,2.25E-16,1.32E-12,2.12E-15,1,1,1,1,1
group_221,,Putative uncharacterized protein,115,88,294,40,28.11735941,31.25,0.177798392,3.29E-16,1.93E-12,3.09E-15,1,1,1,1,1
group_341,,Putative periplasmic protein,2,27,407,101,0.488997555,78.90625,0.018382018,4.13E-16,2.42E-12,3.87E-15,1,1,1,1,1
flaA,,flagellin,121,90,288,38,29.58435208,29.6875,0.177391975,4.56E-16,2.68E-12,4.27E-15,1,1,1,1,1
group_1958,,hypothetical protein,123,1,286,127,30.07334963,99.21875,54.61888112,6.48E-16,3.80E-12,6.06E-15,1,1,1,1,1
fspA1,,FspA1,296,128,113,0,72.37163814,0,0,7.71E-16,4.52E-12,7.20E-15,1,0,1,1,1
group_3109,,galactosyltransferase,0,23,409,105,0,82.03125,0,9.34E-16,5.47E-12,8.70E-15,1,0,1,1,1
group_1962,,hypothetical protein,122,1,287,127,29.82885086,99.21875,53.98606272,1.16E-15,6.82E-12,1.08E-14,1,1,1,1,1
group_1645,,hypothetical protein,111,0,298,128,27.1393643,100,inf,1.54E-15,9.01E-12,1.43E-14,1,1,0,1,1
group_4,,hypothetical protein,112,0,297,128,27.38386308,100,inf,1.62E-15,9.48E-12,1.49E-14,1,1,0,1,1
group_1478,,"Beta-1,4-galactosyltransferase",112,0,297,128,27.38386308,100,inf,1.62E-15,9.48E-12,1.49E-14,1,1,0,1,1
group_2596,,hypothetical protein,112,0,297,128,27.38386308,100,inf,1.62E-15,9.48E-12,1.49E-14,1,1,0,1,1
cdtB,,cytolethal distending toxin subunit CdtB,297,128,112,0,72.61613692,0,0,1.62E-15,9.48E-12,1.49E-14,1,0,1,1,1
group_1169,,Putative uncharacterized protein,109,0,300,128,26.65036675,100,inf,3.05E-15,1.79E-11,2.80E-14,1,1,0,1,1
group_799,,"phage repressor protein, putative",109,0,300,128,26.65036675,100,inf,3.05E-15,1.79E-11,2.80E-14,1,1,0,1,1
mboIR,,Type-2 restriction enzyme MboI,109,0,300,128,26.65036675,100,inf,3.05E-15,1.79E-11,2.80E-14,1,1,0,1,1
dpnA,,Modification methylase DpnIIB,109,0,300,128,26.65036675,100,inf,3.05E-15,1.79E-11,2.80E-14,1,1,0,1,1
group_1076,,putative ATP/GTP binding protein,117,87,292,41,28.60635697,32.03125,0.188828531,4.45E-15,2.61E-11,4.08E-14,1,1,1,1,1
group_4069,,hypothetical protein,107,0,302,128,26.16136919,100,inf,6.04E-15,3.54E-11,5.51E-14,1,1,0,1,1
group_1017,,hypothetical protein,107,0,302,128,26.16136919,100,inf,6.04E-15,3.54E-11,5.51E-14,1,1,0,1,1
group_3238,,death-on-curing family protein,108,0,301,128,26.40586797,100,inf,6.11E-15,3.58E-11,5.55E-14,1,1,0,1,1
group_3239,,hypothetical protein,108,0,301,128,26.40586797,100,inf,6.11E-15,3.58E-11,5.55E-14,1,1,0,1,1
group_2966,,hypothetical protein,108,0,301,128,26.40586797,100,inf,6.11E-15,3.58E-11,5.55E-14,1,1,0,1,1
group_519,,hypothetical protein,116,1,293,127,28.36185819,99.21875,50.27986348,9.21E-15,5.40E-11,8.36E-14,1,1,1,1,1
group_3480,,hypothetical protein,106,0,303,128,25.91687042,100,inf,1.18E-14,6.92E-11,1.07E-13,1,1,0,1,1
group_1188,,type I site-specific deoxyribonuclease chain R,105,0,304,128,25.67237164,100,inf,1.19E-14,6.98E-11,1.07E-13,1,1,0,1,1
group_1106,,Putative periplasmic ATP/GTP-binding protein,105,0,304,128,25.67237164,100,inf,1.19E-14,6.98E-11,1.07E-13,1,1,0,1,1
group_2502,,hypothetical protein,105,0,304,128,25.67237164,100,inf,1.19E-14,6.98E-11,1.07E-13,1,1,0,1,1
group_3478,,hypothetical protein,105,0,304,128,25.67237164,100,inf,1.19E-14,6.98E-11,1.07E-13,1,1,0,1,1
group_108,,hypothetical protein,3,26,406,102,0.733496333,79.6875,0.028988253,1.50E-14,8.77E-11,1.35E-13,1,1,1,1,1
group_2354,,Putative uncharacterized protein,113,84,296,44,27.62836186,34.375,0.199967825,2.05E-14,1.20E-10,1.84E-13,1,1,1,1,1
group_576,dam,DNA adenine methylase,104,0,305,128,25.42787286,100,inf,2.28E-14,1.33E-10,2.04E-13,1,1,0,1,1
group_2237,,putative type III restriction enzyme R protein,282,39,127,89,68.94865526,69.53125,5.067231981,2.29E-14,1.35E-10,2.05E-13,1,1,1,1,1
group_2172,,putative two-domain glucosyltransferase,103,0,306,128,25.18337408,100,inf,2.34E-14,1.37E-10,2.09E-13,1,1,0,1,1
group_1672,,UDP-N-acetylglucosamine 2-epimerase,286,41,123,87,69.92665037,67.96875,4.933967876,4.14E-14,2.43E-10,3.69E-13,1,1,1,1,1
group_2688,,sialic acid synthase,286,41,123,87,69.92665037,67.96875,4.933967876,4.14E-14,2.43E-10,3.69E-13,1,1,1,1,1
maf-5,,Motility accessory factor,297,45,112,83,72.61613692,64.84375,4.891071429,4.38E-14,2.57E-10,3.90E-13,1,1,1,1,1
group_1419,,hypothetical protein,101,0,308,128,24.69437653,100,inf,4.59E-14,2.69E-10,4.08E-13,1,1,0,1,1
group_435,,hypothetical protein,111,1,298,127,27.1393643,99.21875,47.30536913,6.88E-14,4.03E-10,6.10E-13,1,1,1,1,1
group_3417,,hypothetical protein,100,0,309,128,24.44987775,100,inf,8.37E-14,4.91E-10,7.42E-13,1,1,0,1,1
group_560,,hypothetical protein,99,0,310,128,24.20537897,100,inf,8.97E-14,5.26E-10,7.92E-13,1,1,0,1,1
group_1536,,hypothetical protein,99,0,310,128,24.20537897,100,inf,8.97E-14,5.26E-10,7.92E-13,1,1,0,1,1
group_864,,Putative uncharacterized protein,116,2,293,126,28.36185819,98.4375,24.94197952,1.46E-13,8.54E-10,1.28E-12,1,1,1,1,1
group_2062,,hypothetical protein,98,0,311,128,23.9608802,100,inf,1.60E-13,9.38E-10,1.40E-12,1,1,0,1,1
group_2065,,hypothetical protein,98,0,311,128,23.9608802,100,inf,1.60E-13,9.38E-10,1.40E-12,1,1,0,1,1
group_2562,,"phage virion morphogenesis protein, putative",98,0,311,128,23.9608802,100,inf,1.60E-13,9.38E-10,1.40E-12,1,1,0,1,1
group_3228,,Phage major capsid protein /Fam0046,98,0,311,128,23.9608802,100,inf,1.60E-13,9.38E-10,1.40E-12,1,1,0,1,1
group_1417,,"tail fiber protein H, putative",98,0,311,128,23.9608802,100,inf,1.60E-13,9.38E-10,1.40E-12,1,1,0,1,1
group_2064,,Phage protein,97,0,312,128,23.71638142,100,inf,1.75E-13,1.03E-09,1.52E-12,1,1,0,1,1
group_2994,,Mu-like prophage FluMu protein gp29,97,0,312,128,23.71638142,100,inf,1.75E-13,1.03E-09,1.52E-12,1,1,0,1,1
group_3227,,helix-turn-helix domain of resolvase protein,97,0,312,128,23.71638142,100,inf,1.75E-13,1.03E-09,1.52E-12,1,1,0,1,1
group_3230,,hypothetical protein,97,0,312,128,23.71638142,100,inf,1.75E-13,1.03E-09,1.52E-12,1,1,0,1,1
group_3454,,hypothetical protein,97,0,312,128,23.71638142,100,inf,1.75E-13,1.03E-09,1.52E-12,1,1,0,1,1
group_2568,,hypothetical protein,97,0,312,128,23.71638142,100,inf,1.75E-13,1.03E-09,1.52E-12,1,1,0,1,1
group_1937,flgE,flagellar hook protein FlgE,3,24,406,104,0.733496333,81.25,0.032019704,2.91E-13,1.71E-09,2.52E-12,1,1,1,1,1
group_2563,,hypothetical protein,96,0,313,128,23.47188264,100,inf,3.05E-13,1.79E-09,2.63E-12,1,1,0,1,1
group_3538,,hypothetical protein,96,0,313,128,23.47188264,100,inf,3.05E-13,1.79E-09,2.63E-12,1,1,0,1,1
group_489,,hypothetical protein,96,0,313,128,23.47188264,100,inf,3.05E-13,1.79E-09,2.63E-12,1,1,0,1,1
group_865,,Putative uncharacterized protein,278,40,131,88,67.97066015,68.75,4.66870229,3.41E-13,2.00E-09,2.94E-12,1,1,1,1,1
group_3110,,"capsular polysaccharide biosynthesis protein, putative",0,19,409,109,0,85.15625,0,4.98E-13,2.92E-09,4.27E-12,1,0,1,1,1
group_3942,,putative sugar transferase,0,19,409,109,0,85.15625,0,4.98E-13,2.92E-09,4.27E-12,1,0,1,1,1
group_1107,,Putative periplasmic ATP/GTP-binding protein,315,128,94,0,77.01711491,0,0,5.81E-13,3.41E-09,4.96E-12,1,0,1,1,1
group_2676,,putative integral membrane protein,94,0,315,128,22.98288509,100,inf,5.81E-13,3.41E-09,4.96E-12,1,1,0,1,1
group_83,,hypothetical protein,94,0,315,128,22.98288509,100,inf,5.81E-13,3.41E-09,4.96E-12,1,1,0,1,1
group_84,,galactosyltransferase,94,0,315,128,22.98288509,100,inf,5.81E-13,3.41E-09,4.96E-12,1,1,0,1,1
group_2564,,hypothetical protein,95,0,314,128,23.22738386,100,inf,6.18E-13,3.62E-09,5.24E-12,1,1,0,1,1
group_1423,,hypothetical protein,95,0,314,128,23.22738386,100,inf,6.18E-13,3.62E-09,5.24E-12,1,1,0,1,1
group_368,,putative endonuclease,95,0,314,128,23.22738386,100,inf,6.18E-13,3.62E-09,5.24E-12,1,1,0,1,1
group_2478,,hypothetical protein,95,0,314,128,23.22738386,100,inf,6.18E-13,3.62E-09,5.24E-12,1,1,0,1,1
group_2473,,"lipoprotein, putative",92,0,317,128,22.49388753,100,inf,1.11E-12,6.48E-09,9.36E-12,1,1,0,1,1
group_1984,,hypothetical protein,90,0,319,128,22.00488998,100,inf,2.10E-12,1.23E-08,1.78E-11,1,1,0,1,1
group_706,wlaN,"beta-1,3 galactosyltransferase",89,0,320,128,21.7603912,100,inf,3.91E-12,2.29E-08,3.19E-11,1,1,0,1,1
traG,,VirD4,89,0,320,128,21.7603912,100,inf,3.91E-12,2.29E-08,3.19E-11,1,1,0,1,1
group_2978,,hypothetical protein,89,0,320,128,21.7603912,100,inf,3.91E-12,2.29E-08,3.19E-11,1,1,0,1,1
virB1,,Type IV secretion system protein virB1,89,0,320,128,21.7603912,100,inf,3.91E-12,2.29E-08,3.19E-11,1,1,0,1,1
group_2981,,hypothetical protein,89,0,320,128,21.7603912,100,inf,3.91E-12,2.29E-08,3.19E-11,1,1,0,1,1
group_3497,,hypothetical protein,89,0,320,128,21.7603912,100,inf,3.91E-12,2.29E-08,3.19E-11,1,1,0,1,1
ssb_2,,Single-stranded DNA-binding protein,89,0,320,128,21.7603912,100,inf,3.91E-12,2.29E-08,3.19E-11,1,1,0,1,1
group_3499,,hypothetical protein,89,0,320,128,21.7603912,100,inf,3.91E-12,2.29E-08,3.19E-11,1,1,0,1,1
group_2982,,hypothetical protein,89,0,320,128,21.7603912,100,inf,3.91E-12,2.29E-08,3.19E-11,1,1,0,1,1
group_2983,,hypothetical protein,89,0,320,128,21.7603912,100,inf,3.91E-12,2.29E-08,3.19E-11,1,1,0,1,1
vbhT,,Protein adenylyltransferase VbhT,89,0,320,128,21.7603912,100,inf,3.91E-12,2.29E-08,3.19E-11,1,1,0,1,1
group_3495,,hypothetical protein,89,0,320,128,21.7603912,100,inf,3.91E-12,2.29E-08,3.19E-11,1,1,0,1,1
traL,,Protein TraL,89,0,320,128,21.7603912,100,inf,3.91E-12,2.29E-08,3.19E-11,1,1,0,1,1
group_3501,,hypothetical protein,89,0,320,128,21.7603912,100,inf,3.91E-12,2.29E-08,3.19E-11,1,1,0,1,1
group_3502,,hypothetical protein,89,0,320,128,21.7603912,100,inf,3.91E-12,2.29E-08,3.19E-11,1,1,0,1,1
group_3503,,hypothetical protein,89,0,320,128,21.7603912,100,inf,3.91E-12,2.29E-08,3.19E-11,1,1,0,1,1
group_3504,,hypothetical protein,89,0,320,128,21.7603912,100,inf,3.91E-12,2.29E-08,3.19E-11,1,1,0,1,1
group_3506,,hypothetical protein,89,0,320,128,21.7603912,100,inf,3.91E-12,2.29E-08,3.19E-11,1,1,0,1,1
group_3507,,cpp45,89,0,320,128,21.7603912,100,inf,3.91E-12,2.29E-08,3.19E-11,1,1,0,1,1
group_3508,,cmgB3/4,89,0,320,128,21.7603912,100,inf,3.91E-12,2.29E-08,3.19E-11,1,1,0,1,1
group_3509,,hypothetical protein,89,0,320,128,21.7603912,100,inf,3.91E-12,2.29E-08,3.19E-11,1,1,0,1,1
group_3510,,type IV secretion system protein VirB11,89,0,320,128,21.7603912,100,inf,3.91E-12,2.29E-08,3.19E-11,1,1,0,1,1
group_3516,,hypothetical protein,89,0,320,128,21.7603912,100,inf,3.91E-12,2.29E-08,3.19E-11,1,1,0,1,1
group_3517,,putative plasmid partioning ParA protein,89,0,320,128,21.7603912,100,inf,3.91E-12,2.29E-08,3.19E-11,1,1,0,1,1
group_3518,,hypothetical protein,89,0,320,128,21.7603912,100,inf,3.91E-12,2.29E-08,3.19E-11,1,1,0,1,1
group_1372,,hypothetical protein,88,0,321,128,21.51589242,100,inf,3.98E-12,2.33E-08,3.22E-11,1,1,0,1,1
group_2342,,"bacteriophage DNA transposition protein B, putative",88,0,321,128,21.51589242,100,inf,3.98E-12,2.33E-08,3.22E-11,1,1,0,1,1
group_2878,,"phage virion morphogenesis protein, putative",88,0,321,128,21.51589242,100,inf,3.98E-12,2.33E-08,3.22E-11,1,1,0,1,1
group_3313,,"phage major tail tube protein, putative",88,0,321,128,21.51589242,100,inf,3.98E-12,2.33E-08,3.22E-11,1,1,0,1,1
group_1421,,"host-nuclease inhibitor protein Gam, putative",88,0,321,128,21.51589242,100,inf,3.98E-12,2.33E-08,3.22E-11,1,1,0,1,1
group_3248,,hypothetical protein,88,0,321,128,21.51589242,100,inf,3.98E-12,2.33E-08,3.22E-11,1,1,0,1,1
group_3249,,hypothetical protein,88,0,321,128,21.51589242,100,inf,3.98E-12,2.33E-08,3.22E-11,1,1,0,1,1
group_1173,,major tail sheath protein,87,0,322,128,21.27139364,100,inf,7.21E-12,4.23E-08,5.78E-11,1,1,0,1,1
group_989,dcuD,"cryptic C4-dicarboxylate transporter DcuD, authentic frameshift",87,0,322,128,21.27139364,100,inf,7.21E-12,4.23E-08,5.78E-11,1,1,0,1,1
group_1778,,hypothetical protein,87,0,322,128,21.27139364,100,inf,7.21E-12,4.23E-08,5.78E-11,1,1,0,1,1
group_1546,,putative nucleotidyl transferase,87,0,322,128,21.27139364,100,inf,7.21E-12,4.23E-08,5.78E-11,1,1,0,1,1
group_945,,hypothetical protein,87,0,322,128,21.27139364,100,inf,7.21E-12,4.23E-08,5.78E-11,1,1,0,1,1
group_2415,,hypothetical protein,87,0,322,128,21.27139364,100,inf,7.21E-12,4.23E-08,5.78E-11,1,1,0,1,1
group_346,,hypothetical protein,84,0,325,128,20.53789731,100,inf,1.43E-11,8.36E-08,1.14E-10,1,1,0,1,1
group_366,,"McrBC restriction endonuclease system, McrB subunit, putative",83,0,326,128,20.29339853,100,inf,2.46E-11,1.44E-07,1.96E-10,1,1,0,1,1
group_119,,Putative periplasmic protein,169,14,240,114,41.3202934,89.0625,5.733928571,2.70E-11,1.58E-07,2.15E-10,1,1,1,1,1
group_1719,,Putative uncharacterized protein,356,75,53,53,87.04156479,41.40625,4.746666667,3.33E-11,1.95E-07,2.66E-10,1,1,1,1,1
group_205,cjeI,restriction modification enzyme,132,84,277,44,32.27383863,34.375,0.249613203,3.50E-11,2.05E-07,2.79E-10,1,1,1,1,1
group_3218,,"ABC transporter, permease protein",355,75,54,53,86.79706601,41.40625,4.645679012,4.89E-11,2.87E-07,3.89E-10,1,1,1,1,1
group_2012,,Putative uncharacterized protein,0,16,409,112,0,87.5,0,5.12E-11,3.00E-07,4.05E-10,1,0,1,1,1
group_3031,,Putative uncharacterized protein,0,16,409,112,0,87.5,0,5.12E-11,3.00E-07,4.05E-10,1,0,1,1,1
tsh,,hypothetical protein,0,16,409,112,0,87.5,0,5.12E-11,3.00E-07,4.05E-10,1,0,1,1,1
group_2425,,Putative uncharacterized protein,0,16,409,112,0,87.5,0,5.12E-11,3.00E-07,4.05E-10,1,0,1,1,1
group_1310,,putative sugar nucleotidyltransferase,79,0,330,128,19.31540342,100,inf,8.36E-11,4.90E-07,6.61E-10,1,1,0,1,1
group_199,,Chemotaxis sensory transducer,20,34,389,94,4.88997555,73.4375,0.142144261,8.49E-11,4.98E-07,6.70E-10,1,1,1,1,1
group_569,,hypothetical protein,370,83,39,45,90.46454768,35.15625,5.143651529,9.42E-11,5.52E-07,7.43E-10,1,1,1,1,1
maf4,,motility accessory factor,159,13,250,115,38.87530562,89.84375,5.626153846,1.29E-10,7.54E-07,1.01E-09,1,1,1,1,1
group_2939,,hypothetical protein,78,0,331,128,19.07090465,100,inf,1.55E-10,9.08E-07,1.21E-09,1,1,0,1,1
group_2940,,hypothetical protein,78,0,331,128,19.07090465,100,inf,1.55E-10,9.08E-07,1.21E-09,1,1,0,1,1
group_324,,hypothetical protein,78,0,331,128,19.07090465,100,inf,1.55E-10,9.08E-07,1.21E-09,1,1,0,1,1
group_4192,,hypothetical protein,0,15,409,113,0,88.28125,0,2.36E-10,1.39E-06,1.85E-09,1,0,1,1,1
group_4193,,hypothetical protein,0,15,409,113,0,88.28125,0,2.36E-10,1.39E-06,1.85E-09,1,0,1,1,1
group_638,,"HAD-superfamily phosphatase, subfamily IIIC",37,43,372,85,9.046454768,66.40625,0.196611653,2.73E-10,1.60E-06,2.13E-09,1,1,1,1,1
group_3876,,Putative uncharacterized protein,76,0,333,128,18.58190709,100,inf,2.78E-10,1.63E-06,2.17E-09,1,1,0,1,1
group_3229,,hypothetical protein,75,0,334,128,18.33740831,100,inf,2.85E-10,1.67E-06,2.21E-09,1,1,0,1,1
group_694,,"Adhesive protein CupB5, putative",75,0,334,128,18.33740831,100,inf,2.85E-10,1.67E-06,2.21E-09,1,1,0,1,1
pseD,,PseD protein,75,0,334,128,18.33740831,100,inf,2.85E-10,1.67E-06,2.21E-09,1,1,0,1,1
group_159,,hypothetical protein (617 family),75,0,334,128,18.33740831,100,inf,2.85E-10,1.67E-06,2.21E-09,1,1,0,1,1
group_3481,,hypothetical protein,75,0,334,128,18.33740831,100,inf,2.85E-10,1.67E-06,2.21E-09,1,1,0,1,1
group_2941,,hypothetical protein,100,3,309,125,24.44987775,97.65625,13.48435814,3.74E-10,2.19E-06,2.89E-09,1,1,1,1,1
group_3312,,hypothetical protein,74,0,335,128,18.09290954,100,inf,4.99E-10,2.92E-06,3.84E-09,1,1,0,1,1
cdtC_2,,Cytolethal distending toxin subunit C,74,0,335,128,18.09290954,100,inf,4.99E-10,2.92E-06,3.84E-09,1,1,0,1,1
group_356,,hypothetical protein,74,0,335,128,18.09290954,100,inf,4.99E-10,2.92E-06,3.84E-09,1,1,0,1,1
group_2379,,hypothetical protein,73,0,336,128,17.84841076,100,inf,5.27E-10,3.09E-06,4.05E-09,1,1,0,1,1
group_1112,,Oxygen-insensitive NAD(P)H nitroreductase / Dihydropteridine reductase,34,41,375,87,8.312958435,67.96875,0.192390244,5.71E-10,3.35E-06,4.39E-09,1,1,1,1,1
group_2463,,pathogenicity domain protein,1,16,408,112,0.244498778,87.5,0.017156863,6.94E-10,4.07E-06,5.33E-09,1,1,1,1,1
group_1321,cdtA,Cytolethal distending toxin subunit A,72,0,337,128,17.60391198,100,inf,8.97E-10,5.26E-06,6.87E-09,1,1,0,1,1
group_269,,putative sugar nucleotidyltransferase,72,0,337,128,17.60391198,100,inf,8.97E-10,5.26E-06,6.87E-09,1,1,0,1,1
group_107,,hypothetical protein,127,8,282,120,31.05134474,93.75,6.755319149,1.05E-09,6.16E-06,8.03E-09,1,1,1,1,1
maf-3,,Motility accessory factor,190,22,219,106,46.45476773,82.8125,4.180157742,1.09E-09,6.42E-06,8.36E-09,1,1,1,1,1
group_1251,,hypothetical protein,67,56,342,72,16.38141809,56.25,0.251879699,1.22E-09,7.16E-06,9.31E-09,1,1,1,1,1
cas1,,Putative uncharacterized protein,328,127,81,1,80.19559902,0.78125,0.031884903,1.43E-09,8.37E-06,1.09E-08,1,1,1,1,1
group_1131,cas1,Putative uncharacterized protein,81,1,328,127,19.80440098,99.21875,31.36280488,1.43E-09,8.37E-06,1.09E-08,1,1,1,1,1
group_3914,,hypothetical protein,59,52,350,76,14.42542787,59.375,0.246373626,1.47E-09,8.61E-06,1.11E-08,1,1,1,1,1
group_1083,,hypothetical protein,70,0,339,128,17.11491443,100,inf,1.62E-09,9.47E-06,1.23E-08,1,1,0,1,1
group_1791,,hypothetical protein,71,0,338,128,17.3594132,100,inf,1.73E-09,1.01E-05,1.31E-08,1,1,0,1,1
group_2972,,"tail tape measure protein, TP901 family",71,0,338,128,17.3594132,100,inf,1.73E-09,1.01E-05,1.31E-08,1,1,0,1,1
group_2099,,hypothetical protein,66,55,343,73,16.13691932,57.03125,0.255393586,2.15E-09,1.26E-05,1.63E-08,1,1,1,1,1
group_254,,Putative uncharacterized protein,72,57,337,71,17.60391198,55.46875,0.266125254,2.84E-09,1.66E-05,2.14E-08,1,1,1,1,1
group_3101,,hypothetical protein,68,0,341,128,16.62591687,100,inf,2.91E-09,1.71E-05,2.18E-08,1,1,0,1,1
group_2109,,"putative site-specific recombinase, phage integrase family",68,0,341,128,16.62591687,100,inf,2.91E-09,1.71E-05,2.18E-08,1,1,0,1,1
group_775,,lipopolysaccharide core biosynthesis protein LpsA,68,0,341,128,16.62591687,100,inf,2.91E-09,1.71E-05,2.18E-08,1,1,0,1,1
group_1146,,hypothetical protein,68,0,341,128,16.62591687,100,inf,2.91E-09,1.71E-05,2.18E-08,1,1,0,1,1
hddC_2,,capsular polysaccharide heptosyltransferase,68,0,341,128,16.62591687,100,inf,2.91E-09,1.71E-05,2.18E-08,1,1,0,1,1
group_3972,,hypothetical protein,69,0,340,128,16.87041565,100,inf,3.02E-09,1.77E-05,2.21E-08,1,1,0,1,1
group_4172,,hypothetical protein,69,0,340,128,16.87041565,100,inf,3.02E-09,1.77E-05,2.21E-08,1,1,0,1,1
group_1093,,pentapeptide repeat family protein,69,0,340,128,16.87041565,100,inf,3.02E-09,1.77E-05,2.21E-08,1,1,0,1,1
group_3251,,hypothetical protein,69,0,340,128,16.87041565,100,inf,3.02E-09,1.77E-05,2.21E-08,1,1,0,1,1
group_3100,,hypothetical protein,69,0,340,128,16.87041565,100,inf,3.02E-09,1.77E-05,2.21E-08,1,1,0,1,1
amt,,Ammonia channel,69,0,340,128,16.87041565,100,inf,3.02E-09,1.77E-05,2.21E-08,1,1,0,1,1
nrgA,,Ammonium transporter,69,0,340,128,16.87041565,100,inf,3.02E-09,1.77E-05,2.21E-08,1,1,0,1,1
menE,,2-succinylbenzoate--CoA ligase,69,0,340,128,16.87041565,100,inf,3.02E-09,1.77E-05,2.21E-08,1,1,0,1,1
group_4161,,3-oxoacyl-(acyl-carrier-protein) reductase,69,0,340,128,16.87041565,100,inf,3.02E-09,1.77E-05,2.21E-08,1,1,0,1,1
group_4162,,hypothetical protein,69,0,340,128,16.87041565,100,inf,3.02E-09,1.77E-05,2.21E-08,1,1,0,1,1
ynfM,,Inner membrane transport protein YnfM,69,0,340,128,16.87041565,100,inf,3.02E-09,1.77E-05,2.21E-08,1,1,0,1,1
group_4173,,Putative uncharacterized protein,69,0,340,128,16.87041565,100,inf,3.02E-09,1.77E-05,2.21E-08,1,1,0,1,1
group_4175,,hypothetical protein,69,0,340,128,16.87041565,100,inf,3.02E-09,1.77E-05,2.21E-08,1,1,0,1,1
group_4176,,hypothetical protein,69,0,340,128,16.87041565,100,inf,3.02E-09,1.77E-05,2.21E-08,1,1,0,1,1
group_4177,,hypothetical protein,69,0,340,128,16.87041565,100,inf,3.02E-09,1.77E-05,2.21E-08,1,1,0,1,1
group_4178,,hypothetical protein,69,0,340,128,16.87041565,100,inf,3.02E-09,1.77E-05,2.21E-08,1,1,0,1,1
group_4179,,hypothetical protein,69,0,340,128,16.87041565,100,inf,3.02E-09,1.77E-05,2.21E-08,1,1,0,1,1
group_4183,,"capsular biosynthesis nucleotidyltransferase, putative",69,0,340,128,16.87041565,100,inf,3.02E-09,1.77E-05,2.21E-08,1,1,0,1,1
group_935,,ABC transporter ATP-binding protein,69,0,340,128,16.87041565,100,inf,3.02E-09,1.77E-05,2.21E-08,1,1,0,1,1
hsdS_2,,Putative type I specificity subunit HsdS,0,13,409,115,0,89.84375,0,4.94E-09,2.90E-05,3.61E-08,1,0,1,1,1
group_786,,hypothetical protein,66,0,343,128,16.13691932,100,inf,5.26E-09,3.08E-05,3.80E-08,1,1,0,1,1
group_2605,,hypothetical protein,66,0,343,128,16.13691932,100,inf,5.26E-09,3.08E-05,3.80E-08,1,1,0,1,1
group_3082,,DNA/RNA non-specific endonuclease,66,0,343,128,16.13691932,100,inf,5.26E-09,3.08E-05,3.80E-08,1,1,0,1,1
group_2039,,"alpha-2,3-sialyltransferase",66,0,343,128,16.13691932,100,inf,5.26E-09,3.08E-05,3.80E-08,1,1,0,1,1
group_2510,,hypothetical protein,66,0,343,128,16.13691932,100,inf,5.26E-09,3.08E-05,3.80E-08,1,1,0,1,1
group_882,,hypothetical protein,66,0,343,128,16.13691932,100,inf,5.26E-09,3.08E-05,3.80E-08,1,1,0,1,1
group_527,,"membrane protein, putative",67,0,342,128,16.38141809,100,inf,5.27E-09,3.09E-05,3.80E-08,1,1,0,1,1
group_2481,,hypothetical protein,67,0,342,128,16.38141809,100,inf,5.27E-09,3.09E-05,3.80E-08,1,1,0,1,1
group_3086,,hypothetical protein,67,0,342,128,16.38141809,100,inf,5.27E-09,3.09E-05,3.80E-08,1,1,0,1,1
group_3848,,hypothetical protein,67,0,342,128,16.38141809,100,inf,5.27E-09,3.09E-05,3.80E-08,1,1,0,1,1
group_3849,,hypothetical protein,67,0,342,128,16.38141809,100,inf,5.27E-09,3.09E-05,3.80E-08,1,1,0,1,1
group_3850,,hypothetical protein,67,0,342,128,16.38141809,100,inf,5.27E-09,3.09E-05,3.80E-08,1,1,0,1,1
group_2308,,Putative uncharacterized protein,344,128,65,0,84.10757946,0,0,9.24E-09,5.42E-05,6.60E-08,1,0,1,1,1
group_3028,,putative periplasmic protein,65,0,344,128,15.89242054,100,inf,9.24E-09,5.42E-05,6.60E-08,1,1,0,1,1
group_132,,Putative periplasmic protein,65,0,344,128,15.89242054,100,inf,9.24E-09,5.42E-05,6.60E-08,1,1,0,1,1
group_3930,,putative membrane protein,65,0,344,128,15.89242054,100,inf,9.24E-09,5.42E-05,6.60E-08,1,1,0,1,1
group_2045,,hypothetical protein,65,0,344,128,15.89242054,100,inf,9.24E-09,5.42E-05,6.60E-08,1,1,0,1,1
group_2561,,Phage (Mu-like) virion morphogenesis protein,65,0,344,128,15.89242054,100,inf,9.24E-09,5.42E-05,6.60E-08,1,1,0,1,1
group_3231,,hypothetical protein,65,0,344,128,15.89242054,100,inf,9.24E-09,5.42E-05,6.60E-08,1,1,0,1,1
group_2087,,membrane protein,345,128,64,0,84.35207824,0,0,9.52E-09,5.58E-05,6.78E-08,1,0,1,1,1
group_993,,major facilitator superfamily protein,64,0,345,128,15.64792176,100,inf,9.52E-09,5.58E-05,6.78E-08,1,1,0,1,1
group_2005,,Putative uncharacterized protein,123,75,286,53,30.07334963,41.40625,0.303916084,9.98E-09,5.85E-05,7.10E-08,1,1,1,1,1
group_297,,hypothetical protein,1,14,408,114,0.244498778,89.0625,0.019957983,1.30E-08,7.60E-05,9.21E-08,1,1,1,1,1
group_568,,hypothetical protein,48,45,361,83,11.73594132,64.84375,0.245244691,1.31E-08,7.66E-05,9.28E-08,1,1,1,1,1
group_1172,,major tail sheath protein,63,0,346,128,15.40342298,100,inf,1.62E-08,9.52E-05,1.14E-07,1,1,0,1,1
group_2556,,"tail protein X, putative",63,0,346,128,15.40342298,100,inf,1.62E-08,9.52E-05,1.14E-07,1,1,0,1,1
group_3221,,"tail protein D, putative",63,0,346,128,15.40342298,100,inf,1.62E-08,9.52E-05,1.14E-07,1,1,0,1,1
group_3222,,"phage tail protein, putative",63,0,346,128,15.40342298,100,inf,1.62E-08,9.52E-05,1.14E-07,1,1,0,1,1
group_3224,,hypothetical protein,63,0,346,128,15.40342298,100,inf,1.62E-08,9.52E-05,1.14E-07,1,1,0,1,1
group_661,purB_2,hypothetical protein,63,0,346,128,15.40342298,100,inf,1.62E-08,9.52E-05,1.14E-07,1,1,0,1,1
group_3232,,putative bacteriophage DNA transposition protein B,63,0,346,128,15.40342298,100,inf,1.62E-08,9.52E-05,1.14E-07,1,1,0,1,1
group_1545,,putative nucleotidyl transferase,63,0,346,128,15.40342298,100,inf,1.62E-08,9.52E-05,1.14E-07,1,1,0,1,1
group_3226,,hypothetical protein,63,0,346,128,15.40342298,100,inf,1.62E-08,9.52E-05,1.14E-07,1,1,0,1,1
group_2027,,ATP/GTP phosphatase,63,0,346,128,15.40342298,100,inf,1.62E-08,9.52E-05,1.14E-07,1,1,0,1,1
group_355,,hypothetical protein,63,0,346,128,15.40342298,100,inf,1.62E-08,9.52E-05,1.14E-07,1,1,0,1,1
group_2557,,phage-related tail protein,62,0,347,128,15.15892421,100,inf,1.72E-08,0.000101026,1.19E-07,1,1,0,1,1
group_3225,,"phage major tail tube protein, putative",62,0,347,128,15.15892421,100,inf,1.72E-08,0.000101026,1.19E-07,1,1,0,1,1
group_2403,,hypothetical protein,62,0,347,128,15.15892421,100,inf,1.72E-08,0.000101026,1.19E-07,1,1,0,1,1
rfbF,,Glucose-1-phosphate cytidylyltransferase,62,0,347,128,15.15892421,100,inf,1.72E-08,0.000101026,1.19E-07,1,1,0,1,1
moaA_1,,"GTP 3',8-cyclase",62,0,347,128,15.15892421,100,inf,1.72E-08,0.000101026,1.19E-07,1,1,0,1,1
group_2068,,"bacteriophage DNA transposition protein A, putative",62,0,347,128,15.15892421,100,inf,1.72E-08,0.000101026,1.19E-07,1,1,0,1,1
cysD,,Sulfate adenylyltransferase subunit 2,62,0,347,128,15.15892421,100,inf,1.72E-08,0.000101026,1.19E-07,1,1,0,1,1
group_3234,,putative HTH-type transcriptional regulator,62,0,347,128,15.15892421,100,inf,1.72E-08,0.000101026,1.19E-07,1,1,0,1,1
group_3247,,hypothetical protein,62,0,347,128,15.15892421,100,inf,1.72E-08,0.000101026,1.19E-07,1,1,0,1,1
cysQ_2,,CysQ,62,0,347,128,15.15892421,100,inf,1.72E-08,0.000101026,1.19E-07,1,1,0,1,1
group_943,,hypothetical protein,62,0,347,128,15.15892421,100,inf,1.72E-08,0.000101026,1.19E-07,1,1,0,1,1
group_1402,,putative sugar transferase,62,0,347,128,15.15892421,100,inf,1.72E-08,0.000101026,1.19E-07,1,1,0,1,1
murC,,UDP-N-acetylmuramate--L-alanine ligase,409,116,0,12,100,9.375,inf,2.24E-08,0.000131123,1.50E-07,1,1,0,1,1
dapE,,succinyl-diaminopimelate desuccinylase,409,116,0,12,100,9.375,inf,2.24E-08,0.000131123,1.50E-07,1,1,0,1,1
group_242,dmsA,anaerobic dimethyl sulfoxide reductase chain A,0,12,409,116,0,90.625,0,2.24E-08,0.000131123,1.50E-07,1,0,1,1,1
group_1041,maf7,motility accessory factor,0,12,409,116,0,90.625,0,2.24E-08,0.000131123,1.50E-07,1,0,1,1,1
group_239,,Sugar phosphate permease,0,12,409,116,0,90.625,0,2.24E-08,0.000131123,1.50E-07,1,0,1,1,1
group_3600,,hypothetical protein,0,12,409,116,0,90.625,0,2.24E-08,0.000131123,1.50E-07,1,0,1,1,1
group_3651,,hypothetical protein,0,12,409,116,0,90.625,0,2.24E-08,0.000131123,1.50E-07,1,0,1,1,1
group_3566,,putative type III restriction enzyme R protein,0,12,409,116,0,90.625,0,2.24E-08,0.000131123,1.50E-07,1,0,1,1,1
group_1663,,"type I restriction-modification system, M subunit",0,12,409,116,0,90.625,0,2.24E-08,0.000131123,1.50E-07,1,0,1,1,1
group_3649,,Putative transcriptional regulator,0,12,409,116,0,90.625,0,2.24E-08,0.000131123,1.50E-07,1,0,1,1,1
group_3551,ptmF,Legionaminic acid biosynthesis protein PtmF,0,12,409,116,0,90.625,0,2.24E-08,0.000131123,1.50E-07,1,0,1,1,1
group_650,,Putative uncharacterized protein,0,12,409,116,0,90.625,0,2.24E-08,0.000131123,1.50E-07,1,0,1,1,1
group_2408,,Putative uncharacterized protein,0,12,409,116,0,90.625,0,2.24E-08,0.000131123,1.50E-07,1,0,1,1,1
pyk_1,,Pyruvate kinase,0,12,409,116,0,90.625,0,2.24E-08,0.000131123,1.50E-07,1,0,1,1,1
group_2997,,"sulfate adenylyltransferase, putative",0,12,409,116,0,90.625,0,2.24E-08,0.000131123,1.50E-07,1,0,1,1,1
gerN,,Na(+)/H(+)-K(+) antiporter GerN,0,12,409,116,0,90.625,0,2.24E-08,0.000131123,1.50E-07,1,0,1,1,1
group_3933,murC,UDP-N-acetylmuramate--alanine ligase,0,12,409,116,0,90.625,0,2.24E-08,0.000131123,1.50E-07,1,0,1,1,1
group_3934,,putative integral membrane protein,0,12,409,116,0,90.625,0,2.24E-08,0.000131123,1.50E-07,1,0,1,1,1
group_3935,,hypothetical protein,0,12,409,116,0,90.625,0,2.24E-08,0.000131123,1.50E-07,1,0,1,1,1
group_3936,,hypothetical protein,0,12,409,116,0,90.625,0,2.24E-08,0.000131123,1.50E-07,1,0,1,1,1
group_3937,,hypothetical protein,0,12,409,116,0,90.625,0,2.24E-08,0.000131123,1.50E-07,1,0,1,1,1
group_3938,,hypothetical protein,0,12,409,116,0,90.625,0,2.24E-08,0.000131123,1.50E-07,1,0,1,1,1
group_3939,,"transporter, LysE family protein",0,12,409,116,0,90.625,0,2.24E-08,0.000131123,1.50E-07,1,0,1,1,1
group_3940,dapE,succinyl-diaminopimelate desuccinylase,0,12,409,116,0,90.625,0,2.24E-08,0.000131123,1.50E-07,1,0,1,1,1
group_3955,,putative iron-binding protein,0,12,409,116,0,90.625,0,2.24E-08,0.000131123,1.50E-07,1,0,1,1,1
group_3956,,Putative uncharacterized protein,0,12,409,116,0,90.625,0,2.24E-08,0.000131123,1.50E-07,1,0,1,1,1
group_4194,,Putative periplasmic beta-lactamase,0,12,409,116,0,90.625,0,2.24E-08,0.000131123,1.50E-07,1,0,1,1,1
cgtA,,"Beta-1,4-N-acetylgalactosaminyltransferase (CgtA)",68,53,341,75,16.62591687,58.59375,0.282188901,2.49E-08,0.000145767,1.66E-07,1,1,1,1,1
feoB,,Ferrous iron transport protein B-like protein,348,128,61,0,85.08557457,0,0,2.86E-08,0.000167852,1.89E-07,1,0,1,1,1
group_819,,putative MFS (Major Facilitator Superfamily) transport protein,61,0,348,128,14.91442543,100,inf,2.86E-08,0.000167852,1.89E-07,1,1,0,1,1
group_3223,,hypothetical protein,61,0,348,128,14.91442543,100,inf,2.86E-08,0.000167852,1.89E-07,1,1,0,1,1
group_2404,glf,UDP-galactopyranose mutase,61,0,348,128,14.91442543,100,inf,2.86E-08,0.000167852,1.89E-07,1,1,0,1,1
group_2797,,adenylylsulfate kinase,61,0,348,128,14.91442543,100,inf,2.86E-08,0.000167852,1.89E-07,1,1,0,1,1
cysN,,Sulfate adenylyltransferase subunit 1,61,0,348,128,14.91442543,100,inf,2.86E-08,0.000167852,1.89E-07,1,1,0,1,1
group_3287,,hypothetical protein,61,0,348,128,14.91442543,100,inf,2.86E-08,0.000167852,1.89E-07,1,1,0,1,1
group_3233,,hypothetical protein,61,0,348,128,14.91442543,100,inf,2.86E-08,0.000167852,1.89E-07,1,1,0,1,1
group_3240,,hypothetical protein,61,0,348,128,14.91442543,100,inf,2.86E-08,0.000167852,1.89E-07,1,1,0,1,1
group_3236,,hypothetical protein,61,0,348,128,14.91442543,100,inf,2.86E-08,0.000167852,1.89E-07,1,1,0,1,1
group_1518,,hypothetical protein,286,54,123,74,69.92665037,57.8125,3.186389642,3.05E-08,0.000178616,2.01E-07,1,1,1,1,1
group_611,smc,Chromosome partition protein Smc,63,50,346,78,15.40342298,60.9375,0.284046243,4.99E-08,0.00029258,3.23E-07,1,1,1,1,1
group_2548,,membrane protein,350,128,59,0,85.57457213,0,0,5.06E-08,0.000296646,3.23E-07,1,0,1,1,1
group_3486,,putative sugar transferase,59,0,350,128,14.42542787,100,inf,5.06E-08,0.000296646,3.23E-07,1,1,0,1,1
group_3093,,hypothetical protein,59,0,350,128,14.42542787,100,inf,5.06E-08,0.000296646,3.23E-07,1,1,0,1,1
group_1711,,motility accessory factor,59,0,350,128,14.42542787,100,inf,5.06E-08,0.000296646,3.23E-07,1,1,0,1,1
group_3104,,integral membrane protein,59,0,350,128,14.42542787,100,inf,5.06E-08,0.000296646,3.23E-07,1,1,0,1,1
group_3396,,type I restriction modification DNA specificity domain protein,59,0,350,128,14.42542787,100,inf,5.06E-08,0.000296646,3.23E-07,1,1,0,1,1
group_3915,,hypothetical protein,59,0,350,128,14.42542787,100,inf,5.06E-08,0.000296646,3.23E-07,1,1,0,1,1
group_3614,,hypothetical protein,59,0,350,128,14.42542787,100,inf,5.06E-08,0.000296646,3.23E-07,1,1,0,1,1
group_3654,,"TonB-dependent colicin lipoprotein, putative",59,0,350,128,14.42542787,100,inf,5.06E-08,0.000296646,3.23E-07,1,1,0,1,1
group_1193,,hypothetical protein,59,0,350,128,14.42542787,100,inf,5.06E-08,0.000296646,3.23E-07,1,1,0,1,1
group_1575,,"TonB-dependent colicin receptor protein, putative",59,0,350,128,14.42542787,100,inf,5.06E-08,0.000296646,3.23E-07,1,1,0,1,1
group_2002,,hypothetical protein,59,0,350,128,14.42542787,100,inf,5.06E-08,0.000296646,3.23E-07,1,1,0,1,1
group_2041,,hypothetical protein,59,0,350,128,14.42542787,100,inf,5.06E-08,0.000296646,3.23E-07,1,1,0,1,1
group_3141,,hypothetical protein,59,0,350,128,14.42542787,100,inf,5.06E-08,0.000296646,3.23E-07,1,1,0,1,1
group_4156,,membrane protein,59,0,350,128,14.42542787,100,inf,5.06E-08,0.000296646,3.23E-07,1,1,0,1,1
group_4157,,"acyl carrier protein, putative",59,0,350,128,14.42542787,100,inf,5.06E-08,0.000296646,3.23E-07,1,1,0,1,1
group_4159,fspA2,FspA2,59,0,350,128,14.42542787,100,inf,5.06E-08,0.000296646,3.23E-07,1,1,0,1,1
group_4164,,dihydroorotase,59,0,350,128,14.42542787,100,inf,5.06E-08,0.000296646,3.23E-07,1,1,0,1,1
group_4165,,hypothetical protein,59,0,350,128,14.42542787,100,inf,5.06E-08,0.000296646,3.23E-07,1,1,0,1,1
group_4166,,IS1595 family transposase ISAcsp6,59,0,350,128,14.42542787,100,inf,5.06E-08,0.000296646,3.23E-07,1,1,0,1,1
hindIIIM,,Modification methylase HindIII,59,0,350,128,14.42542787,100,inf,5.06E-08,0.000296646,3.23E-07,1,1,0,1,1
group_4168,,hypothetical protein,59,0,350,128,14.42542787,100,inf,5.06E-08,0.000296646,3.23E-07,1,1,0,1,1
group_4169,cdtA,Cytolethal distending toxin subunit A,59,0,350,128,14.42542787,100,inf,5.06E-08,0.000296646,3.23E-07,1,1,0,1,1
group_4170,,cytolethal distending toxin subunit CdtB,59,0,350,128,14.42542787,100,inf,5.06E-08,0.000296646,3.23E-07,1,1,0,1,1
group_4174,,hypothetical protein,59,0,350,128,14.42542787,100,inf,5.06E-08,0.000296646,3.23E-07,1,1,0,1,1
group_4180,,hypothetical protein,59,0,350,128,14.42542787,100,inf,5.06E-08,0.000296646,3.23E-07,1,1,0,1,1
group_4181,,hypothetical protein,59,0,350,128,14.42542787,100,inf,5.06E-08,0.000296646,3.23E-07,1,1,0,1,1
group_4182,,hypothetical protein,59,0,350,128,14.42542787,100,inf,5.06E-08,0.000296646,3.23E-07,1,1,0,1,1
hddC_1,,capsular polysaccharide heptosyltransferase,59,0,350,128,14.42542787,100,inf,5.06E-08,0.000296646,3.23E-07,1,1,0,1,1
cfbpB,,Putative iron-uptake ABC transport system permease protein,349,128,60,0,85.33007335,0,0,5.32E-08,0.000311674,3.37E-07,1,0,1,1,1
group_1309,,putative sugar nucleotidyltransferase,60,0,349,128,14.66992665,100,inf,5.32E-08,0.000311674,3.37E-07,1,1,0,1,1
group_443,,hypothetical protein,60,0,349,128,14.66992665,100,inf,5.32E-08,0.000311674,3.37E-07,1,1,0,1,1
group_71,,hypothetical protein (617 family),60,0,349,128,14.66992665,100,inf,5.32E-08,0.000311674,3.37E-07,1,1,0,1,1
group_2422,,hypothetical protein,60,0,349,128,14.66992665,100,inf,5.32E-08,0.000311674,3.37E-07,1,1,0,1,1
group_1712,,hypothetical protein,60,0,349,128,14.66992665,100,inf,5.32E-08,0.000311674,3.37E-07,1,1,0,1,1
group_1650,hddC,capsular polysaccharide heptosyltransferase,57,0,352,128,13.93643032,100,inf,8.97E-08,0.000525619,5.65E-07,1,1,0,1,1
group_1202,ciaB,invasion antigen B,57,0,352,128,13.93643032,100,inf,8.97E-08,0.000525619,5.65E-07,1,1,0,1,1
group_361,feoB,ferrous iron transport protein,57,0,352,128,13.93643032,100,inf,8.97E-08,0.000525619,5.65E-07,1,1,0,1,1
group_1432,,hypothetical protein,57,0,352,128,13.93643032,100,inf,8.97E-08,0.000525619,5.65E-07,1,1,0,1,1
group_488,,hypothetical protein,57,0,352,128,13.93643032,100,inf,8.97E-08,0.000525619,5.65E-07,1,1,0,1,1
group_4171,cdtC_2,"Cytolethal distending toxin, subunit C",57,0,352,128,13.93643032,100,inf,8.97E-08,0.000525619,5.65E-07,1,1,0,1,1
group_152,,hypothetical protein,58,0,351,128,14.1809291,100,inf,9.10E-08,0.000533606,5.73E-07,1,1,0,1,1
group_1214,,hypothetical protein,58,0,351,128,14.1809291,100,inf,9.10E-08,0.000533606,5.73E-07,1,1,0,1,1
group_3601,,hypothetical protein,0,11,409,117,0,91.40625,0,1.01E-07,0.000589493,6.30E-07,1,0,1,1,1
group_741,,Bacteriohemerythrin,0,11,409,117,0,91.40625,0,1.01E-07,0.000589493,6.30E-07,1,0,1,1,1
group_982,,Putative uncharacterized protein,0,11,409,117,0,91.40625,0,1.01E-07,0.000589493,6.30E-07,1,0,1,1,1
group_1422,,hypothetical protein,56,0,353,128,13.69193154,100,inf,1.56E-07,0.000916893,9.72E-07,1,1,0,1,1
group_481,,Methyl-accepting chemotaxis signal transduction protein,56,0,353,128,13.69193154,100,inf,1.56E-07,0.000916893,9.72E-07,1,1,0,1,1
group_3,,hypothetical protein,56,0,353,128,13.69193154,100,inf,1.56E-07,0.000916893,9.72E-07,1,1,0,1,1
glpQ-2_1,,putative periplasmic protein,56,0,353,128,13.69193154,100,inf,1.56E-07,0.000916893,9.72E-07,1,1,0,1,1
group_371,recD2,ATP-dependent RecD-like DNA helicase,56,0,353,128,13.69193154,100,inf,1.56E-07,0.000916893,9.72E-07,1,1,0,1,1
group_795,,"potassium-transporting ATPase, A subunit, degenerate",353,128,56,0,86.30806846,0,0,1.56E-07,0.000916893,9.72E-07,1,0,1,1,1
cdtC,,Cytolethal distending toxin subunit C,354,128,55,0,86.55256724,0,0,1.59E-07,0.000933538,9.72E-07,1,0,1,1,1
group_838,,"Outer membrane lipoprotein Blc, putative",354,128,55,0,86.55256724,0,0,1.59E-07,0.000933538,9.72E-07,1,0,1,1,1
torZ_1,,Trimethylamine-N-oxide reductase 2,55,0,354,128,13.44743276,100,inf,1.59E-07,0.000933538,9.72E-07,1,1,0,1,1
group_1001,,hypothetical protein,55,0,354,128,13.44743276,100,inf,1.59E-07,0.000933538,9.72E-07,1,1,0,1,1
lutR,,hypothetical protein,55,0,354,128,13.44743276,100,inf,1.59E-07,0.000933538,9.72E-07,1,1,0,1,1
glpB,,hypothetical protein,55,0,354,128,13.44743276,100,inf,1.59E-07,0.000933538,9.72E-07,1,1,0,1,1
group_1928,,hypothetical protein,55,0,354,128,13.44743276,100,inf,1.59E-07,0.000933538,9.72E-07,1,1,0,1,1
rr2,,Rubrerythrin,55,0,354,128,13.44743276,100,inf,1.59E-07,0.000933538,9.72E-07,1,1,0,1,1
maf-6,,hypothetical protein,55,0,354,128,13.44743276,100,inf,1.59E-07,0.000933538,9.72E-07,1,1,0,1,1
group_2890,,UDP-N-acetylglucosamine--N-acetylmuramyl- (pentapeptide) pyrophosphoryl-undecaprenol N-acetylglucosamine transferase,55,0,354,128,13.44743276,100,inf,1.59E-07,0.000933538,9.72E-07,1,1,0,1,1
group_2899,,"TonB-dependent colicin lipoprotein, putative",55,0,354,128,13.44743276,100,inf,1.59E-07,0.000933538,9.72E-07,1,1,0,1,1
pgi_2,,Glucose-6-phosphate isomerase,55,0,354,128,13.44743276,100,inf,1.59E-07,0.000933538,9.72E-07,1,1,0,1,1
glk,,Glucokinase,55,0,354,128,13.44743276,100,inf,1.59E-07,0.000933538,9.72E-07,1,1,0,1,1
group_3338,,"Ferric siderophore transport system, periplasmic binding protein TonB",55,0,354,128,13.44743276,100,inf,1.59E-07,0.000933538,9.72E-07,1,1,0,1,1
group_3020,,methyltransferase domain-containing protein,55,0,354,128,13.44743276,100,inf,1.59E-07,0.000933538,9.72E-07,1,1,0,1,1
group_2898,,molybdopterin containing oxidoreductase,55,0,354,128,13.44743276,100,inf,1.59E-07,0.000933538,9.72E-07,1,1,0,1,1
group_423,,"bacteriophage DNA transposition protein A, putative",55,0,354,128,13.44743276,100,inf,1.59E-07,0.000933538,9.72E-07,1,1,0,1,1
group_1724,,"ABC transporter, periplasmic substrate-binding protein",55,0,354,128,13.44743276,100,inf,1.59E-07,0.000933538,9.72E-07,1,1,0,1,1
group_1643,,hypothetical protein,55,0,354,128,13.44743276,100,inf,1.59E-07,0.000933538,9.72E-07,1,1,0,1,1
group_1769,,hypothetical protein,80,3,329,125,19.5599022,97.65625,10.13171226,1.88E-07,0.001103008,1.15E-06,1,1,1,1,1
sdhA,,"succinate dehydrogenase, flavoprotein subunit",355,128,54,0,86.79706601,0,0,2.70E-07,0.001581435,1.44E-06,1,0,1,1,1
group_969,rcsC,DNA-binding response regulator,355,128,54,0,86.79706601,0,0,2.70E-07,0.001581435,1.44E-06,1,0,1,1,1
group_1294,,hypothetical protein,355,128,54,0,86.79706601,0,0,2.70E-07,0.001581435,1.44E-06,1,0,1,1,1
group_1671,,putative manganese transport system substrate-binding protein,355,128,54,0,86.79706601,0,0,2.70E-07,0.001581435,1.44E-06,1,0,1,1,1
group_1819,,"Acetyltransferase, GNAT family",355,128,54,0,86.79706601,0,0,2.70E-07,0.001581435,1.44E-06,1,0,1,1,1
group_1860,,Allophanate hydrolase subunit 2,355,128,54,0,86.79706601,0,0,2.70E-07,0.001581435,1.44E-06,1,0,1,1,1
group_2083,,MOSC domain protein,355,128,54,0,86.79706601,0,0,2.70E-07,0.001581435,1.44E-06,1,0,1,1,1
dsbA_2,,putative periplasmic protein,355,128,54,0,86.79706601,0,0,2.70E-07,0.001581435,1.44E-06,1,0,1,1,1
cmeE,,Putative membrane fusion component of efflux system,355,128,54,0,86.79706601,0,0,2.70E-07,0.001581435,1.44E-06,1,0,1,1,1
group_2183,,putative non-specific DNA binding protein,355,128,54,0,86.79706601,0,0,2.70E-07,0.001581435,1.44E-06,1,0,1,1,1
group_2314,,Putative periplasmic protein,355,128,54,0,86.79706601,0,0,2.70E-07,0.001581435,1.44E-06,1,0,1,1,1
group_2315,,putative lipoprotein,355,128,54,0,86.79706601,0,0,2.70E-07,0.001581435,1.44E-06,1,0,1,1,1
ackA,,Acetate kinase,355,128,54,0,86.79706601,0,0,2.70E-07,0.001581435,1.44E-06,1,0,1,1,1
pta,,phosphate acetyltransferase,355,128,54,0,86.79706601,0,0,2.70E-07,0.001581435,1.44E-06,1,0,1,1,1
group_2700,,Putative uncharacterized protein,355,128,54,0,86.79706601,0,0,2.70E-07,0.001581435,1.44E-06,1,0,1,1,1
moaD,,"putative molybdopterin converting factor, subunit 1",355,128,54,0,86.79706601,0,0,2.70E-07,0.001581435,1.44E-06,1,0,1,1,1
argC,,N-acetyl-gamma-glutamyl-phosphate reductase,355,128,54,0,86.79706601,0,0,2.70E-07,0.001581435,1.44E-06,1,0,1,1,1
argB,,acetylglutamate kinase,355,128,54,0,86.79706601,0,0,2.70E-07,0.001581435,1.44E-06,1,0,1,1,1
cmeF,,putative integral membrane component of efflux system,355,128,54,0,86.79706601,0,0,2.70E-07,0.001581435,1.44E-06,1,0,1,1,1
group_3258,,Cytochrome c family protein,355,128,54,0,86.79706601,0,0,2.70E-07,0.001581435,1.44E-06,1,0,1,1,1
group_3261,,putative periplasmic protein,355,128,54,0,86.79706601,0,0,2.70E-07,0.001581435,1.44E-06,1,0,1,1,1
rbr,,Rubrerythrin,355,128,54,0,86.79706601,0,0,2.70E-07,0.001581435,1.44E-06,1,0,1,1,1
group_3274,,"lipoprotein, putative",355,128,54,0,86.79706601,0,0,2.70E-07,0.001581435,1.44E-06,1,0,1,1,1
group_3278,,Sua5 YciO YrdC YwlC family protein,355,128,54,0,86.79706601,0,0,2.70E-07,0.001581435,1.44E-06,1,0,1,1,1
group_3279,,putative integral membrane protein,355,128,54,0,86.79706601,0,0,2.70E-07,0.001581435,1.44E-06,1,0,1,1,1
group_3281,,Putative uncharacterized protein,355,128,54,0,86.79706601,0,0,2.70E-07,0.001581435,1.44E-06,1,0,1,1,1
group_3282,,putative efflux pump,355,128,54,0,86.79706601,0,0,2.70E-07,0.001581435,1.44E-06,1,0,1,1,1
fliY,,flagellar motor switch protein,355,128,54,0,86.79706601,0,0,2.70E-07,0.001581435,1.44E-06,1,0,1,1,1
argD,,Acetylornithine aminotransferase,355,128,54,0,86.79706601,0,0,2.70E-07,0.001581435,1.44E-06,1,0,1,1,1
group_1425,,Putative uncharacterized protein,355,128,54,0,86.79706601,0,0,2.70E-07,0.001581435,1.44E-06,1,0,1,1,1
group_1553,,"Non-heme iron protein, hemerythrin family",355,128,54,0,86.79706601,0,0,2.70E-07,0.001581435,1.44E-06,1,0,1,1,1
group_2218,,Putative transmembrane protein,355,128,54,0,86.79706601,0,0,2.70E-07,0.001581435,1.44E-06,1,0,1,1,1
pseG,,"nucleotidase specific for PseC product,UDP-4-amino-4,6-dideoxy-beta-L-AltNAc",355,128,54,0,86.79706601,0,0,2.70E-07,0.001581435,1.44E-06,1,0,1,1,1
pseF,,putative acylneuraminate cytidylyltransferase,355,128,54,0,86.79706601,0,0,2.70E-07,0.001581435,1.44E-06,1,0,1,1,1
proB,,gamma-glutamyl kinase,355,128,54,0,86.79706601,0,0,2.70E-07,0.001581435,1.44E-06,1,0,1,1,1
group_2093,,Putative integral memnbrane protein,355,128,54,0,86.79706601,0,0,2.70E-07,0.001581435,1.44E-06,1,0,1,1,1
group_2265,,"Major facilitator family transporter, putative",355,128,54,0,86.79706601,0,0,2.70E-07,0.001581435,1.44E-06,1,0,1,1,1
group_2756,,Methyl-accepting chemotaxis protein,355,128,54,0,86.79706601,0,0,2.70E-07,0.001581435,1.44E-06,1,0,1,1,1
murG,,UDP-N-acetylglucosamine--N-acetylmuramyl- (pentapeptide) pyrophosphoryl-undecaprenol N-acetylglucosamine transferase,355,128,54,0,86.79706601,0,0,2.70E-07,0.001581435,1.44E-06,1,0,1,1,1
flgD,,Flagellar hook assembly protein,355,128,54,0,86.79706601,0,0,2.70E-07,0.001581435,1.44E-06,1,0,1,1,1
group_1433,,hypothetical protein,355,128,54,0,86.79706601,0,0,2.70E-07,0.001581435,1.44E-06,1,0,1,1,1
group_2006,,Putative outer membrane protein,355,128,54,0,86.79706601,0,0,2.70E-07,0.001581435,1.44E-06,1,0,1,1,1
astA_2,,hypothetical protein,54,0,355,128,13.20293399,100,inf,2.70E-07,0.001581435,1.44E-06,1,1,0,1,1
group_1554,proB,gamma-glutamyl kinase,54,0,355,128,13.20293399,100,inf,2.70E-07,0.001581435,1.44E-06,1,1,0,1,1
group_2219,,Putative transmembrane protein,54,0,355,128,13.20293399,100,inf,2.70E-07,0.001581435,1.44E-06,1,1,0,1,1
kgtP_1,,alpha-ketoglutarate permease,54,0,355,128,13.20293399,100,inf,2.70E-07,0.001581435,1.44E-06,1,1,0,1,1
group_2356,,hypothetical protein,54,0,355,128,13.20293399,100,inf,2.70E-07,0.001581435,1.44E-06,1,1,0,1,1
group_2373,,hypothetical protein,54,0,355,128,13.20293399,100,inf,2.70E-07,0.001581435,1.44E-06,1,1,0,1,1
ptmF,,Legionaminic acid biosynthesis protein PtmF,54,0,355,128,13.20293399,100,inf,2.70E-07,0.001581435,1.44E-06,1,1,0,1,1
group_3403,maf3,motility accessory factor,54,0,355,128,13.20293399,100,inf,2.70E-07,0.001581435,1.44E-06,1,1,0,1,1
group_1591,,putative integral membrane component of efflux system,54,0,355,128,13.20293399,100,inf,2.70E-07,0.001581435,1.44E-06,1,1,0,1,1
group_1594,,hypothetical protein,54,0,355,128,13.20293399,100,inf,2.70E-07,0.001581435,1.44E-06,1,1,0,1,1
group_1596,argD,acetylornithine aminotransferase,54,0,355,128,13.20293399,100,inf,2.70E-07,0.001581435,1.44E-06,1,1,0,1,1
group_1597,,hypothetical protein,54,0,355,128,13.20293399,100,inf,2.70E-07,0.001581435,1.44E-06,1,1,0,1,1
group_1611,maf7,motility accessory factor,54,0,355,128,13.20293399,100,inf,2.70E-07,0.001581435,1.44E-06,1,1,0,1,1
group_1613,,"4-carboxymuconolactone decarboxylase, putative",54,0,355,128,13.20293399,100,inf,2.70E-07,0.001581435,1.44E-06,1,1,0,1,1
group_1927,,putative efflux pump,54,0,355,128,13.20293399,100,inf,2.70E-07,0.001581435,1.44E-06,1,1,0,1,1
group_1929,,"lipooligosaccharide biosynthesis glycosyltransferase, putative",54,0,355,128,13.20293399,100,inf,2.70E-07,0.001581435,1.44E-06,1,1,0,1,1
group_2270,,methyl-accepting chemotaxis protein,54,0,355,128,13.20293399,100,inf,2.70E-07,0.001581435,1.44E-06,1,1,0,1,1
group_2321,,Putative uncharacterized protein,54,0,355,128,13.20293399,100,inf,2.70E-07,0.001581435,1.44E-06,1,1,0,1,1
group_2337,,Putative uncharacterized protein,54,0,355,128,13.20293399,100,inf,2.70E-07,0.001581435,1.44E-06,1,1,0,1,1
group_2344,,Putative transcriptional regulatory protein,54,0,355,128,13.20293399,100,inf,2.70E-07,0.001581435,1.44E-06,1,1,0,1,1
group_2347,,hypothetical protein,54,0,355,128,13.20293399,100,inf,2.70E-07,0.001581435,1.44E-06,1,1,0,1,1
group_2352,,hypothetical protein,54,0,355,128,13.20293399,100,inf,2.70E-07,0.001581435,1.44E-06,1,1,0,1,1
group_2357,,MOSC domain protein,54,0,355,128,13.20293399,100,inf,2.70E-07,0.001581435,1.44E-06,1,1,0,1,1
group_2358,,HAD family hydrolase,54,0,355,128,13.20293399,100,inf,2.70E-07,0.001581435,1.44E-06,1,1,0,1,1
group_2359,,anaerobic dimethyl sulfoxide reductase chain A,54,0,355,128,13.20293399,100,inf,2.70E-07,0.001581435,1.44E-06,1,1,0,1,1
group_2364,,MCP-domain signal transduction protein,54,0,355,128,13.20293399,100,inf,2.70E-07,0.001581435,1.44E-06,1,1,0,1,1
group_2367,,Putative uncharacterized protein,54,0,355,128,13.20293399,100,inf,2.70E-07,0.001581435,1.44E-06,1,1,0,1,1
group_2368,sdhC,"Succinate dehydrogenase, subunit C",54,0,355,128,13.20293399,100,inf,2.70E-07,0.001581435,1.44E-06,1,1,0,1,1
group_2874,,"membrane protein, putative",54,0,355,128,13.20293399,100,inf,2.70E-07,0.001581435,1.44E-06,1,1,0,1,1
group_2891,,Cytochrome c family protein,54,0,355,128,13.20293399,100,inf,2.70E-07,0.001581435,1.44E-06,1,1,0,1,1
group_2894,,hypothetical protein,54,0,355,128,13.20293399,100,inf,2.70E-07,0.001581435,1.44E-06,1,1,0,1,1
group_2901,,MOSC domain protein,54,0,355,128,13.20293399,100,inf,2.70E-07,0.001581435,1.44E-06,1,1,0,1,1
group_2902,,hypothetical protein,54,0,355,128,13.20293399,100,inf,2.70E-07,0.001581435,1.44E-06,1,1,0,1,1
kgtP_2,,Dicarboxylic acid transport protein,54,0,355,128,13.20293399,100,inf,2.70E-07,0.001581435,1.44E-06,1,1,0,1,1
group_2912,,cystathionine beta-lyase,54,0,355,128,13.20293399,100,inf,2.70E-07,0.001581435,1.44E-06,1,1,0,1,1
group_2916,,Putative uncharacterized protein,54,0,355,128,13.20293399,100,inf,2.70E-07,0.001581435,1.44E-06,1,1,0,1,1
group_2919,,hypothetical protein,54,0,355,128,13.20293399,100,inf,2.70E-07,0.001581435,1.44E-06,1,1,0,1,1
tonB,,"Ferric siderophore transport system, periplasmic binding protein TonB",54,0,355,128,13.20293399,100,inf,2.70E-07,0.001581435,1.44E-06,1,1,0,1,1
group_2922,,putative HAMP containing membrane protein,54,0,355,128,13.20293399,100,inf,2.70E-07,0.001581435,1.44E-06,1,1,0,1,1
group_3302,pseG,"UDP-6-deoxy-AltdiNAc hydrolase, PseG",54,0,355,128,13.20293399,100,inf,2.70E-07,0.001581435,1.44E-06,1,1,0,1,1
neuA,,CMP-N-acetylneuraminic acid synthetase,54,0,355,128,13.20293399,100,inf,2.70E-07,0.001581435,1.44E-06,1,1,0,1,1
group_3305,porA,major outer membrane protein,54,0,355,128,13.20293399,100,inf,2.70E-07,0.001581435,1.44E-06,1,1,0,1,1
group_3306,,hypothetical protein,54,0,355,128,13.20293399,100,inf,2.70E-07,0.001581435,1.44E-06,1,1,0,1,1
group_3307,,Putative uncharacterized protein,54,0,355,128,13.20293399,100,inf,2.70E-07,0.001581435,1.44E-06,1,1,0,1,1
group_3330,,Putative lipoprotein,54,0,355,128,13.20293399,100,inf,2.70E-07,0.001581435,1.44E-06,1,1,0,1,1
group_3331,,integral membrane protein,54,0,355,128,13.20293399,100,inf,2.70E-07,0.001581435,1.44E-06,1,1,0,1,1
group_3332,,Major facilitator family transporter,54,0,355,128,13.20293399,100,inf,2.70E-07,0.001581435,1.44E-06,1,1,0,1,1
group_3333,,Sua5 YciO YrdC YwlC family protein,54,0,355,128,13.20293399,100,inf,2.70E-07,0.001581435,1.44E-06,1,1,0,1,1
group_3334,,putative integral membrane protein,54,0,355,128,13.20293399,100,inf,2.70E-07,0.001581435,1.44E-06,1,1,0,1,1
group_3335,torC,"trimethylamine N-oxide reductase, cytochrome c-type subunit",54,0,355,128,13.20293399,100,inf,2.70E-07,0.001581435,1.44E-06,1,1,0,1,1
group_3337,,dihydroorotase,54,0,355,128,13.20293399,100,inf,2.70E-07,0.001581435,1.44E-06,1,1,0,1,1
group_3339,,"Ferric siderophore transport system, biopolymer transport protein ExbD",54,0,355,128,13.20293399,100,inf,2.70E-07,0.001581435,1.44E-06,1,1,0,1,1
exbB1,,TonB system transport protein ExbB,54,0,355,128,13.20293399,100,inf,2.70E-07,0.001581435,1.44E-06,1,1,0,1,1
group_3341,,TonB-dependent colicin receptor protein,54,0,355,128,13.20293399,100,inf,2.70E-07,0.001581435,1.44E-06,1,1,0,1,1
group_3344,,Putative integral memnbrane protein,54,0,355,128,13.20293399,100,inf,2.70E-07,0.001581435,1.44E-06,1,1,0,1,1
group_3354,,Putative uncharacterized protein,54,0,355,128,13.20293399,100,inf,2.70E-07,0.001581435,1.44E-06,1,1,0,1,1
group_3356,,"Adhesive protein CupB5, putative",54,0,355,128,13.20293399,100,inf,2.70E-07,0.001581435,1.44E-06,1,1,0,1,1
group_3372,,Putative uncharacterized protein,54,0,355,128,13.20293399,100,inf,2.70E-07,0.001581435,1.44E-06,1,1,0,1,1
group_3374,,hypothetical protein,54,0,355,128,13.20293399,100,inf,2.70E-07,0.001581435,1.44E-06,1,1,0,1,1
group_3377,,putative manganese transport system substrate-binding protein,54,0,355,128,13.20293399,100,inf,2.70E-07,0.001581435,1.44E-06,1,1,0,1,1
group_3378,,hypothetical protein,54,0,355,128,13.20293399,100,inf,2.70E-07,0.001581435,1.44E-06,1,1,0,1,1
fliN_2,,flagellar motor switch protein,54,0,355,128,13.20293399,100,inf,2.70E-07,0.001581435,1.44E-06,1,1,0,1,1
group_3380,,Putative iron-binding protein,54,0,355,128,13.20293399,100,inf,2.70E-07,0.001581435,1.44E-06,1,1,0,1,1
group_3388,,"putative molybdopterin converting factor, subunit 1",54,0,355,128,13.20293399,100,inf,2.70E-07,0.001581435,1.44E-06,1,1,0,1,1
group_3390,,Allophanate hydrolase subunit 2,54,0,355,128,13.20293399,100,inf,2.70E-07,0.001581435,1.44E-06,1,1,0,1,1
group_3391,,Blc protein-like protein,54,0,355,128,13.20293399,100,inf,2.70E-07,0.001581435,1.44E-06,1,1,0,1,1
cfrA,,Ferric receptor CfrA,54,0,355,128,13.20293399,100,inf,2.70E-07,0.001581435,1.44E-06,1,1,0,1,1
fucP_2,,L-fucose permease,54,0,355,128,13.20293399,100,inf,2.70E-07,0.001581435,1.44E-06,1,1,0,1,1
pgl,,6-phosphogluconolactonase,54,0,355,128,13.20293399,100,inf,2.70E-07,0.001581435,1.44E-06,1,1,0,1,1
zwf,,Glucose-6-phosphate 1-dehydrogenase,54,0,355,128,13.20293399,100,inf,2.70E-07,0.001581435,1.44E-06,1,1,0,1,1
ilvD_2,,Dihydroxy-acid dehydratase,54,0,355,128,13.20293399,100,inf,2.70E-07,0.001581435,1.44E-06,1,1,0,1,1
eda,,KHG/KDPG aldolase,54,0,355,128,13.20293399,100,inf,2.70E-07,0.001581435,1.44E-06,1,1,0,1,1
group_3402,maf-5,Motility accessory factor,54,0,355,128,13.20293399,100,inf,2.70E-07,0.001581435,1.44E-06,1,1,0,1,1
group_554,,Methyl-accepting chemotaxis protein,54,0,355,128,13.20293399,100,inf,2.70E-07,0.001581435,1.44E-06,1,1,0,1,1
group_597,,Major facilitator family transporter,54,0,355,128,13.20293399,100,inf,2.70E-07,0.001581435,1.44E-06,1,1,0,1,1
group_731,hydA2,Quinone-reactive Ni/Fe-hydrogenase small chain,54,0,355,128,13.20293399,100,inf,2.70E-07,0.001581435,1.44E-06,1,1,0,1,1
group_1871,,putative membrane protein,54,0,355,128,13.20293399,100,inf,2.70E-07,0.001581435,1.44E-06,1,1,0,1,1
group_3604,,methyltransferase domain-containing protein,54,0,355,128,13.20293399,100,inf,2.70E-07,0.001581435,1.44E-06,1,1,0,1,1
fspA2,,FspA2,54,0,355,128,13.20293399,100,inf,2.70E-07,0.001581435,1.44E-06,1,1,0,1,1
group_1697,,putative glycosyl transferase,54,0,355,128,13.20293399,100,inf,2.70E-07,0.001581435,1.44E-06,1,1,0,1,1
group_3336,,putative cytochrome C-type hem-binding periplasmic protein,54,0,355,128,13.20293399,100,inf,2.70E-07,0.001581435,1.44E-06,1,1,0,1,1
group_306,csn1,Hypothetical protein,54,0,355,128,13.20293399,100,inf,2.70E-07,0.001581435,1.44E-06,1,1,0,1,1
dmsA_1,,Dimethyl sulfoxide reductase DmsA,54,0,355,128,13.20293399,100,inf,2.70E-07,0.001581435,1.44E-06,1,1,0,1,1
group_2469,,Putative uncharacterized protein,54,0,355,128,13.20293399,100,inf,2.70E-07,0.001581435,1.44E-06,1,1,0,1,1
group_3049,,putative periplasmic protein,54,0,355,128,13.20293399,100,inf,2.70E-07,0.001581435,1.44E-06,1,1,0,1,1
sdhA_1,,succinate dehydrogenase flavoprotein subunit,54,0,355,128,13.20293399,100,inf,2.70E-07,0.001581435,1.44E-06,1,1,0,1,1
group_3707,,anaerobic dimethyl sulfoxide reductase chain A,54,0,355,128,13.20293399,100,inf,2.70E-07,0.001581435,1.44E-06,1,1,0,1,1
group_3724,,"Cytochrome c, putative",54,0,355,128,13.20293399,100,inf,2.70E-07,0.001581435,1.44E-06,1,1,0,1,1
group_1699,,putative sugar transferase,54,0,355,128,13.20293399,100,inf,2.70E-07,0.001581435,1.44E-06,1,1,0,1,1
group_318,,hypothetical protein,54,0,355,128,13.20293399,100,inf,2.70E-07,0.001581435,1.44E-06,1,1,0,1,1
torZ_2,,Trimethylamine-N-oxide reductase 2,54,0,355,128,13.20293399,100,inf,2.70E-07,0.001581435,1.44E-06,1,1,0,1,1
group_3048,,hypothetical protein,54,0,355,128,13.20293399,100,inf,2.70E-07,0.001581435,1.44E-06,1,1,0,1,1
group_3051,,"C4-dicarboxylate anaerobic carrier, putative",54,0,355,128,13.20293399,100,inf,2.70E-07,0.001581435,1.44E-06,1,1,0,1,1
group_3071,,hypothetical protein,54,0,355,128,13.20293399,100,inf,2.70E-07,0.001581435,1.44E-06,1,1,0,1,1
group_3784,,hypothetical protein,54,0,355,128,13.20293399,100,inf,2.70E-07,0.001581435,1.44E-06,1,1,0,1,1
group_3785,,hypothetical protein,54,0,355,128,13.20293399,100,inf,2.70E-07,0.001581435,1.44E-06,1,1,0,1,1
group_100,,putative type IIS restriction/modification enzyme,157,19,252,109,38.38630807,85.15625,3.574143693,2.96E-07,0.001737925,1.58E-06,1,1,1,1,1
group_234,,Glycerol-3-phosphate transporter,50,42,359,86,12.22493888,67.1875,0.285183711,3.57E-07,0.002094582,1.90E-06,1,1,1,1,1
group_1051,,Putative transmembrane transport protein,366,89,43,39,89.48655257,30.46875,3.729814476,3.59E-07,0.002106059,1.91E-06,1,1,1,1,1
group_150,,Putative outer-membrane protein,62,1,347,127,15.15892421,99.21875,22.69164265,3.86E-07,0.002265071,2.05E-06,1,1,1,1,1
group_3928,,hypothetical protein,62,1,347,127,15.15892421,99.21875,22.69164265,3.86E-07,0.002265071,2.05E-06,1,1,1,1,1
group_1049,,Putative transmembrane transport protein,37,36,372,92,9.046454768,71.875,0.254181601,4.19E-07,0.002458338,2.22E-06,1,1,1,1,1
group_40,pseD,PseD protein,0,10,409,118,0,92.1875,0,4.49E-07,0.002632736,2.38E-06,1,0,1,1,1
group_3317,,"tail protein X, putative",52,0,357,128,12.71393643,100,inf,4.67E-07,0.002737931,2.47E-06,1,1,0,1,1
group_2928,maf6,motility accessory factor,52,0,357,128,12.71393643,100,inf,4.67E-07,0.002737931,2.47E-06,1,1,0,1,1
group_134,,putative sugar transferase,52,0,357,128,12.71393643,100,inf,4.67E-07,0.002737931,2.47E-06,1,1,0,1,1
group_598,,hypothetical protein,52,0,357,128,12.71393643,100,inf,4.67E-07,0.002737931,2.47E-06,1,1,0,1,1
kgtP,,Alpha-ketoglutarate permease,356,128,53,0,87.04156479,0,0,5.10E-07,0.002987091,2.58E-06,1,0,1,1,1
group_1416,,Putative uncharacterized protein,356,128,53,0,87.04156479,0,0,5.10E-07,0.002987091,2.58E-06,1,0,1,1,1
group_2154,,multidrug efflux system outer membrane protein,356,128,53,0,87.04156479,0,0,5.10E-07,0.002987091,2.58E-06,1,0,1,1,1
kdpB,,Potassium-transporting ATPase B chain,356,128,53,0,87.04156479,0,0,5.10E-07,0.002987091,2.58E-06,1,0,1,1,1
group_2734,,Integral membrane protein,356,128,53,0,87.04156479,0,0,5.10E-07,0.002987091,2.58E-06,1,0,1,1,1
argA,,"Acetyltransferase, GNAT family",356,128,53,0,87.04156479,0,0,5.10E-07,0.002987091,2.58E-06,1,0,1,1,1
sdhB_2,,"succinate dehydrogenase, iron-sulfur protein subunit",356,128,53,0,87.04156479,0,0,5.10E-07,0.002987091,2.58E-06,1,0,1,1,1
group_2552,,Potassium-transporting ATPase C chain,356,128,53,0,87.04156479,0,0,5.10E-07,0.002987091,2.58E-06,1,0,1,1,1
group_2243,,putative signal-transduction sensor protein,356,128,53,0,87.04156479,0,0,5.10E-07,0.002987091,2.58E-06,1,0,1,1,1
cetA,,methyl-accepting chemotaxis protein,356,128,53,0,87.04156479,0,0,5.10E-07,0.002987091,2.58E-06,1,0,1,1,1
group_534,pabB,Para aminobenzoate synthase component I,53,0,356,128,12.95843521,100,inf,5.10E-07,0.002987091,2.58E-06,1,1,0,1,1
group_2567,,hypothetical protein,53,0,356,128,12.95843521,100,inf,5.10E-07,0.002987091,2.58E-06,1,1,0,1,1
group_632,,transporter,53,0,356,128,12.95843521,100,inf,5.10E-07,0.002987091,2.58E-06,1,1,0,1,1
group_1584,,hypothetical protein,53,0,356,128,12.95843521,100,inf,5.10E-07,0.002987091,2.58E-06,1,1,0,1,1
group_1586,,hypothetical protein,53,0,356,128,12.95843521,100,inf,5.10E-07,0.002987091,2.58E-06,1,1,0,1,1
group_1587,,hypothetical protein,53,0,356,128,12.95843521,100,inf,5.10E-07,0.002987091,2.58E-06,1,1,0,1,1
group_2339,,phage uncharacterized protein,53,0,356,128,12.95843521,100,inf,5.10E-07,0.002987091,2.58E-06,1,1,0,1,1
group_2341,,hypothetical protein,53,0,356,128,12.95843521,100,inf,5.10E-07,0.002987091,2.58E-06,1,1,0,1,1
group_2881,,hypothetical protein,53,0,356,128,12.95843521,100,inf,5.10E-07,0.002987091,2.58E-06,1,1,0,1,1
group_2882,,"Mu-like prophage I protein, putative",53,0,356,128,12.95843521,100,inf,5.10E-07,0.002987091,2.58E-06,1,1,0,1,1
group_2883,,hypothetical protein,53,0,356,128,12.95843521,100,inf,5.10E-07,0.002987091,2.58E-06,1,1,0,1,1
group_2884,,hypothetical protein,53,0,356,128,12.95843521,100,inf,5.10E-07,0.002987091,2.58E-06,1,1,0,1,1
group_2885,,hypothetical protein,53,0,356,128,12.95843521,100,inf,5.10E-07,0.002987091,2.58E-06,1,1,0,1,1
group_2887,,DnaB-like protein helicase-like protein,53,0,356,128,12.95843521,100,inf,5.10E-07,0.002987091,2.58E-06,1,1,0,1,1
group_3316,,"phage tail protein, putative",53,0,356,128,12.95843521,100,inf,5.10E-07,0.002987091,2.58E-06,1,1,0,1,1
group_2290,,cytochrome C,53,0,356,128,12.95843521,100,inf,5.10E-07,0.002987091,2.58E-06,1,1,0,1,1
group_166,,hemoglobin protease,53,0,356,128,12.95843521,100,inf,5.10E-07,0.002987091,2.58E-06,1,1,0,1,1
cysE_2,,serine acetyltransferase,53,0,356,128,12.95843521,100,inf,5.10E-07,0.002987091,2.58E-06,1,1,0,1,1
group_1939,,hemerythrin family non-heme iron protein,53,0,356,128,12.95843521,100,inf,5.10E-07,0.002987091,2.58E-06,1,1,0,1,1
sdhA_2,,"succinate dehydrogenase, flavoprotein subunit",53,0,356,128,12.95843521,100,inf,5.10E-07,0.002987091,2.58E-06,1,1,0,1,1
group_2921,,membrane protein,53,0,356,128,12.95843521,100,inf,5.10E-07,0.002987091,2.58E-06,1,1,0,1,1
group_3324,,"Beta-1,3-galactosyltransferase / Beta-1,4-galactosyltransferase",53,0,356,128,12.95843521,100,inf,5.10E-07,0.002987091,2.58E-06,1,1,0,1,1
group_524,,"Na/Pi-cotransporter, putative",53,0,356,128,12.95843521,100,inf,5.10E-07,0.002987091,2.58E-06,1,1,0,1,1
group_1607,,hypothetical protein,53,0,356,128,12.95843521,100,inf,5.10E-07,0.002987091,2.58E-06,1,1,0,1,1
group_2464,,hypothetical protein,53,0,356,128,12.95843521,100,inf,5.10E-07,0.002987091,2.58E-06,1,1,0,1,1
group_690,,putative hemagglutination activity domain containing protein,53,0,356,128,12.95843521,100,inf,5.10E-07,0.002987091,2.58E-06,1,1,0,1,1
group_1184,,2-oxoglutarate/malate translocator,53,0,356,128,12.95843521,100,inf,5.10E-07,0.002987091,2.58E-06,1,1,0,1,1
group_3381,flgD,Flagellar basal-body rod modification protein FlgD,53,0,356,128,12.95843521,100,inf,5.10E-07,0.002987091,2.58E-06,1,1,0,1,1
group_3694,,Carboxypeptidase,53,0,356,128,12.95843521,100,inf,5.10E-07,0.002987091,2.58E-06,1,1,0,1,1
group_3695,,Carboxypeptidase,53,0,356,128,12.95843521,100,inf,5.10E-07,0.002987091,2.58E-06,1,1,0,1,1
group_1898,purB-2,Adenylosuccinate lyase,53,0,356,128,12.95843521,100,inf,5.10E-07,0.002987091,2.58E-06,1,1,0,1,1
group_3696,,hypothetical protein,53,0,356,128,12.95843521,100,inf,5.10E-07,0.002987091,2.58E-06,1,1,0,1,1
cysE_3,,Serine acetyltransferase,53,0,356,128,12.95843521,100,inf,5.10E-07,0.002987091,2.58E-06,1,1,0,1,1
group_3715,,Transporter protein,53,0,356,128,12.95843521,100,inf,5.10E-07,0.002987091,2.58E-06,1,1,0,1,1
group_3729,,putative CRISPR-associated protein,53,0,356,128,12.95843521,100,inf,5.10E-07,0.002987091,2.58E-06,1,1,0,1,1
group_448,,hypothetical protein,53,0,356,128,12.95843521,100,inf,5.10E-07,0.002987091,2.58E-06,1,1,0,1,1
group_3419,,hypothetical protein,81,4,328,124,19.80440098,96.875,7.655487805,6.54E-07,0.003832649,3.31E-06,1,1,1,1,1
group_723,wcbK,"GDP-mannose 4,6-dehydratase",50,0,359,128,12.22493888,100,inf,8.12E-07,0.004757563,4.08E-06,1,1,0,1,1
group_588,,Inosine-uridine preferring nucleoside hydrolase family protein,50,0,359,128,12.22493888,100,inf,8.12E-07,0.004757563,4.08E-06,1,1,0,1,1
group_3493,,TonB-dependent colicin receptor protein,50,0,359,128,12.22493888,100,inf,8.12E-07,0.004757563,4.08E-06,1,1,0,1,1
group_781,,putative sugar transferase,50,0,359,128,12.22493888,100,inf,8.12E-07,0.004757563,4.08E-06,1,1,0,1,1
group_1945,,RloE,50,0,359,128,12.22493888,100,inf,8.12E-07,0.004757563,4.08E-06,1,1,0,1,1
group_3491,pyrC,"dihydroorotase, homodimeric type",50,0,359,128,12.22493888,100,inf,8.12E-07,0.004757563,4.08E-06,1,1,0,1,1
group_2396,,hypothetical protein,50,0,359,128,12.22493888,100,inf,8.12E-07,0.004757563,4.08E-06,1,1,0,1,1
group_26,pseD,PseD protein,50,0,359,128,12.22493888,100,inf,8.12E-07,0.004757563,4.08E-06,1,1,0,1,1
group_1178,,prophage Lp2 protein 6,207,96,202,32,50.61124694,25,0.341584158,8.37E-07,0.004908511,4.21E-06,1,1,1,1,1
group_1185,,"type I restriction-modification system, M subunit",51,0,358,128,12.46943765,100,inf,8.54E-07,0.005006602,4.28E-06,1,1,0,1,1
group_2888,wlaN,"beta-1,3 galactosyltransferase",51,0,358,128,12.46943765,100,inf,8.54E-07,0.005006602,4.28E-06,1,1,0,1,1
group_2366,,putative integral membrane protein,51,0,358,128,12.46943765,100,inf,8.54E-07,0.005006602,4.28E-06,1,1,0,1,1
group_2400,,hypothetical protein,51,0,358,128,12.46943765,100,inf,8.54E-07,0.005006602,4.28E-06,1,1,0,1,1
group_3103,,putative sugar nucleotidyltransferase,51,0,358,128,12.46943765,100,inf,8.54E-07,0.005006602,4.28E-06,1,1,0,1,1
maf7,,motility accessory factor,348,82,61,46,85.08557457,35.9375,3.200319872,8.81E-07,0.005164162,4.41E-06,1,1,1,1,1
group_1247,xerH,Tyrosine recombinase XerH,73,3,336,125,17.84841076,97.65625,9.052579365,9.28E-07,0.00544132,4.64E-06,1,1,1,1,1
group_196,,hypothetical protein,405,114,4,14,99.02200489,10.9375,12.43421053,1.34E-06,0.007825974,6.67E-06,1,1,1,1,1
group_3916,porA,Major outer membrane protein,55,43,354,85,13.44743276,66.40625,0.307121272,1.37E-06,0.008034385,6.84E-06,1,1,1,1,1
group_2401,,hypothetical protein,48,0,361,128,11.73594132,100,inf,1.42E-06,0.008295534,7.02E-06,1,1,0,1,1
group_3484,,hypothetical protein,48,0,361,128,11.73594132,100,inf,1.42E-06,0.008295534,7.02E-06,1,1,0,1,1
astA,,Arylsulfotransferase,48,0,361,128,11.73594132,100,inf,1.42E-06,0.008295534,7.02E-06,1,1,0,1,1
group_937,,ABC transporter ATP-binding protein,48,0,361,128,11.73594132,100,inf,1.42E-06,0.008295534,7.02E-06,1,1,0,1,1
group_85,,hypothetical protein,48,0,361,128,11.73594132,100,inf,1.42E-06,0.008295534,7.02E-06,1,1,0,1,1
group_2980,,hypothetical protein,48,0,361,128,11.73594132,100,inf,1.42E-06,0.008295534,7.02E-06,1,1,0,1,1
group_459,,hypothetical protein,48,0,361,128,11.73594132,100,inf,1.42E-06,0.008295534,7.02E-06,1,1,0,1,1
group_994,,major facilitator superfamily protein,360,128,49,0,88.0195599,0,0,1.44E-06,0.008428231,7.09E-06,1,0,1,1,1
group_622,cysK,cysteine synthase A,49,0,360,128,11.9804401,100,inf,1.44E-06,0.008428231,7.09E-06,1,1,0,1,1
group_782,,putative sugar transferase,49,0,360,128,11.9804401,100,inf,1.44E-06,0.008428231,7.09E-06,1,1,0,1,1
group_70,,hypothetical protein (617 family),49,0,360,128,11.9804401,100,inf,1.44E-06,0.008428231,7.09E-06,1,1,0,1,1
group_929,,putative sugar transferase,49,0,360,128,11.9804401,100,inf,1.44E-06,0.008428231,7.09E-06,1,1,0,1,1
group_3129,,hypothetical protein,49,0,360,128,11.9804401,100,inf,1.44E-06,0.008428231,7.09E-06,1,1,0,1,1
group_4078,,hypothetical protein,49,0,360,128,11.9804401,100,inf,1.44E-06,0.008428231,7.09E-06,1,1,0,1,1
group_1048,,putative lipoprotein,0,9,409,119,0,92.96875,0,1.99E-06,0.011681384,9.78E-06,1,0,1,1,1
group_187,cipA_1,Invasion phenotype protein,0,9,409,119,0,92.96875,0,1.99E-06,0.011681384,9.78E-06,1,0,1,1,1
group_1657,,hypothetical protein (617 family),0,9,409,119,0,92.96875,0,1.99E-06,0.011681384,9.78E-06,1,0,1,1,1
group_1708,,hypothetical protein,0,9,409,119,0,92.96875,0,1.99E-06,0.011681384,9.78E-06,1,0,1,1,1
group_429,,Putative uncharacterized protein,0,9,409,119,0,92.96875,0,1.99E-06,0.011681384,9.78E-06,1,0,1,1,1
group_106,,hypothetical protein,83,5,326,123,20.29339853,96.09375,6.263190184,2.00E-06,0.011751975,9.83E-06,1,1,1,1,1
group_1036,,putative permease,47,0,362,128,11.49144254,100,inf,2.43E-06,0.014253294,1.19E-05,1,1,0,1,1
moeA2,,"Molybdopterin biosynthesis MoeA protein, putative",363,128,46,0,88.75305623,0,0,2.48E-06,0.014510085,1.21E-05,1,0,1,1,1
group_3485,,"transcriptional regulator, putative",46,0,363,128,11.24694377,100,inf,2.48E-06,0.014510085,1.21E-05,1,1,0,1,1
group_1935,,integral membrane protein,46,0,363,128,11.24694377,100,inf,2.48E-06,0.014510085,1.21E-05,1,1,0,1,1
group_901,,hypothetical protein,46,0,363,128,11.24694377,100,inf,2.48E-06,0.014510085,1.21E-05,1,1,0,1,1
group_154,,Putative outer-membrane protein,46,0,363,128,11.24694377,100,inf,2.48E-06,0.014510085,1.21E-05,1,1,0,1,1
group_2362,,hypothetical protein,46,0,363,128,11.24694377,100,inf,2.48E-06,0.014510085,1.21E-05,1,1,0,1,1
group_856,,MmgE/PrpD family protein,46,0,363,128,11.24694377,100,inf,2.48E-06,0.014510085,1.21E-05,1,1,0,1,1
group_4106,moeA2,"Molybdopterin biosynthesis MoeA protein, putative",46,0,363,128,11.24694377,100,inf,2.48E-06,0.014510085,1.21E-05,1,1,0,1,1
group_180,maf-5,hypothetical protein,109,10,300,118,26.65036675,92.1875,4.287333333,2.48E-06,0.014540814,1.21E-05,1,1,1,1,1
group_64,,hypothetical protein (617 family),97,8,312,120,23.71638142,93.75,4.663461538,3.19E-06,0.018673332,1.55E-05,1,1,1,1,1
astA_1,,Arylsulfotransferase,63,2,346,126,15.40342298,98.4375,11.47109827,3.21E-06,0.018803989,1.56E-05,1,1,1,1,1
ciaB,,CiaB protein,354,127,55,1,86.55256724,0.78125,0.050680029,3.31E-06,0.019375266,1.60E-05,1,1,1,1,1
group_1481,,hypothetical protein,354,127,55,1,86.55256724,0.78125,0.050680029,3.31E-06,0.019375266,1.60E-05,1,1,1,1,1
group_1482,,hypothetical protein,55,1,354,127,13.44743276,99.21875,19.73163842,3.31E-06,0.019375266,1.60E-05,1,1,1,1,1
group_1197,,hypothetical protein,55,1,354,127,13.44743276,99.21875,19.73163842,3.31E-06,0.019375266,1.60E-05,1,1,1,1,1
group_281,,MCP-domain signal transduction protein,355,127,54,1,86.79706601,0.78125,0.051764363,3.39E-06,0.019857541,1.64E-05,1,1,1,1,1
group_454,,putative periplasmic protein,355,127,54,1,86.79706601,0.78125,0.051764363,3.39E-06,0.019857541,1.64E-05,1,1,1,1,1
group_2215,,putative H-T-H containing protein,364,128,45,0,88.99755501,0,0,4.13E-06,0.024216189,1.98E-05,1,0,1,1,1
group_1183,,hypothetical protein,45,0,364,128,11.00244499,100,inf,4.13E-06,0.024216189,1.98E-05,1,1,0,1,1
group_2909,,"Putative fructose-1,6-bisphosphatase",45,0,364,128,11.00244499,100,inf,4.13E-06,0.024216189,1.98E-05,1,1,0,1,1
group_2923,,Putative periplasmic protein,45,0,364,128,11.00244499,100,inf,4.13E-06,0.024216189,1.98E-05,1,1,0,1,1
group_1186,,"type I restriction-modification system, M subunit",45,0,364,128,11.00244499,100,inf,4.13E-06,0.024216189,1.98E-05,1,1,0,1,1
group_3052,,Hypothetical protein,45,0,364,128,11.00244499,100,inf,4.13E-06,0.024216189,1.98E-05,1,1,0,1,1
group_3720,,cytochrome bd oxidase subunit II,45,0,364,128,11.00244499,100,inf,4.13E-06,0.024216189,1.98E-05,1,1,0,1,1
group_1060,,hypothetical protein,45,0,364,128,11.00244499,100,inf,4.13E-06,0.024216189,1.98E-05,1,1,0,1,1
group_759,,Putative periplasmic protein,45,0,364,128,11.00244499,100,inf,4.13E-06,0.024216189,1.98E-05,1,1,0,1,1
group_3436,,hypothetical protein,45,0,364,128,11.00244499,100,inf,4.13E-06,0.024216189,1.98E-05,1,1,0,1,1
group_703,,hypothetical protein,355,87,54,41,86.79706601,32.03125,3.098126862,4.20E-06,0.024619885,2.01E-05,1,1,1,1,1
group_1062,,"Adhesive protein CupB5, putative",355,87,54,41,86.79706601,32.03125,3.098126862,4.20E-06,0.024619885,2.01E-05,1,1,1,1,1
group_274,,"arylsulfate sulfotransferase, degenerate",340,125,69,3,83.12958435,2.34375,0.11826087,4.37E-06,0.025617917,2.09E-05,1,1,1,1,1
group_455,,putative periplasmic protein,53,1,356,127,12.95843521,99.21875,18.90730337,5.56E-06,0.032579775,2.65E-05,1,1,1,1,1
group_1698,,putative sugar transferase,53,1,356,127,12.95843521,99.21875,18.90730337,5.56E-06,0.032579775,2.65E-05,1,1,1,1,1
group_1086,,Putative uncharacterized protein,366,128,43,0,89.48655257,0,0,7.05E-06,0.041330849,3.30E-05,1,0,1,1,1
group_1879,,Putative uncharacterized protein,366,128,43,0,89.48655257,0,0,7.05E-06,0.041330849,3.30E-05,1,0,1,1,1
group_1532,,Putative transcriptional regulator,366,128,43,0,89.48655257,0,0,7.05E-06,0.041330849,3.30E-05,1,0,1,1,1
group_466,carB_2,"Carbamoyl-phosphate synthase, large subunit",43,0,366,128,10.51344743,100,inf,7.05E-06,0.041330849,3.30E-05,1,1,0,1,1
group_1932,,hypothetical protein,43,0,366,128,10.51344743,100,inf,7.05E-06,0.041330849,3.30E-05,1,1,0,1,1
group_2145,,hypothetical protein,43,0,366,128,10.51344743,100,inf,7.05E-06,0.041330849,3.30E-05,1,1,0,1,1
mboIR_1,,Type-2 restriction enzyme MboI,43,0,366,128,10.51344743,100,inf,7.05E-06,0.041330849,3.30E-05,1,1,0,1,1
group_2873,,Multi-drug resistance protein,43,0,366,128,10.51344743,100,inf,7.05E-06,0.041330849,3.30E-05,1,1,0,1,1
group_2889,,hypothetical protein,43,0,366,128,10.51344743,100,inf,7.05E-06,0.041330849,3.30E-05,1,1,0,1,1
group_2896,,Putative oxidoreductase subunit,43,0,366,128,10.51344743,100,inf,7.05E-06,0.041330849,3.30E-05,1,1,0,1,1
group_3326,,hypothetical protein,43,0,366,128,10.51344743,100,inf,7.05E-06,0.041330849,3.30E-05,1,1,0,1,1
group_3346,,"membrane protein, putative",43,0,366,128,10.51344743,100,inf,7.05E-06,0.041330849,3.30E-05,1,1,0,1,1
group_3347,,hypothetical protein,43,0,366,128,10.51344743,100,inf,7.05E-06,0.041330849,3.30E-05,1,1,0,1,1
group_601,,hypothetical protein,43,0,366,128,10.51344743,100,inf,7.05E-06,0.041330849,3.30E-05,1,1,0,1,1
group_663,,hypothetical protein,43,0,366,128,10.51344743,100,inf,7.05E-06,0.041330849,3.30E-05,1,1,0,1,1
group_465,carB_2,putative MCP-domain signal transduction protein,43,0,366,128,10.51344743,100,inf,7.05E-06,0.041330849,3.30E-05,1,1,0,1,1
group_122,,Putative periplasmic protein,43,0,366,128,10.51344743,100,inf,7.05E-06,0.041330849,3.30E-05,1,1,0,1,1
group_3756,,hypothetical protein,43,0,366,128,10.51344743,100,inf,7.05E-06,0.041330849,3.30E-05,1,1,0,1,1
group_3758,,methyl-accepting chemotaxis protein,43,0,366,128,10.51344743,100,inf,7.05E-06,0.041330849,3.30E-05,1,1,0,1,1
group_3061,,hypothetical protein,43,0,366,128,10.51344743,100,inf,7.05E-06,0.041330849,3.30E-05,1,1,0,1,1
group_4139,,hypothetical protein,43,0,366,128,10.51344743,100,inf,7.05E-06,0.041330849,3.30E-05,1,1,0,1,1
kdpD,,truncated KdpD protein,43,0,366,128,10.51344743,100,inf,7.05E-06,0.041330849,3.30E-05,1,1,0,1,1
group_1633,,hypothetical protein,43,0,366,128,10.51344743,100,inf,7.05E-06,0.041330849,3.30E-05,1,1,0,1,1
group_3060,,hypothetical protein,43,0,366,128,10.51344743,100,inf,7.05E-06,0.041330849,3.30E-05,1,1,0,1,1
group_178,flaA,flagellin B,67,3,342,125,16.38141809,97.65625,8.162768031,7.15E-06,0.041908065,3.34E-05,1,1,1,1,1
group_1943,,hypothetical protein,44,0,365,128,10.75794621,100,inf,7.62E-06,0.044697085,3.53E-05,1,1,0,1,1
group_1244,,"putative prophage LambdaCh01, recombination protein Bet",44,0,365,128,10.75794621,100,inf,7.62E-06,0.044697085,3.53E-05,1,1,0,1,1
group_1087,,Putative uncharacterized protein,44,0,365,128,10.75794621,100,inf,7.62E-06,0.044697085,3.53E-05,1,1,0,1,1
group_550,,temperature stress-induced lipocalin,44,0,365,128,10.75794621,100,inf,7.62E-06,0.044697085,3.53E-05,1,1,0,1,1
group_3043,,type I restriction modification DNA specificity domain protein,44,0,365,128,10.75794621,100,inf,7.62E-06,0.044697085,3.53E-05,1,1,0,1,1
group_3698,pta,phosphate acetyltransferase,44,0,365,128,10.75794621,100,inf,7.62E-06,0.044697085,3.53E-05,1,1,0,1,1
group_3699,,hypothetical protein,44,0,365,128,10.75794621,100,inf,7.62E-06,0.044697085,3.53E-05,1,1,0,1,1
group_3700,ackA,acetate kinase,44,0,365,128,10.75794621,100,inf,7.62E-06,0.044697085,3.53E-05,1,1,0,1,1
group_3705,dsbA_2,"Thiol:disulfide interchange protein DsbA, putative",44,0,365,128,10.75794621,100,inf,7.62E-06,0.044697085,3.53E-05,1,1,0,1,1
group_3706,,hypothetical protein,44,0,365,128,10.75794621,100,inf,7.62E-06,0.044697085,3.53E-05,1,1,0,1,1
group_3721,,"Non-heme iron protein, hemerythrin family",44,0,365,128,10.75794621,100,inf,7.62E-06,0.044697085,3.53E-05,1,1,0,1,1
group_1556,,SuhB-like protein,365,128,44,0,89.24205379,0,0,7.62E-06,0.044697085,3.53E-05,1,0,1,1,1
ldh,,L-lactate dehydrogenase,365,128,44,0,89.24205379,0,0,7.62E-06,0.044697085,3.53E-05,1,0,1,1,1
kpsC,,capsule polysaccharide modification protein,409,120,0,8,100,6.25,inf,8.78E-06,0.051495433,4.02E-05,1,1,0,1,1
group_124,,Putative uncharacterized protein,0,8,409,120,0,93.75,0,8.78E-06,0.051495433,4.02E-05,1,0,1,1,1
group_2513,,hypothetical protein,0,8,409,120,0,93.75,0,8.78E-06,0.051495433,4.02E-05,1,0,1,1,1
group_2515,,Capsular polysaccharide biosynthesis heptosyltransferase HddD,0,8,409,120,0,93.75,0,8.78E-06,0.051495433,4.02E-05,1,0,1,1,1
group_3144,,"capsular polysaccharide biosynthesis protein, putative",0,8,409,120,0,93.75,0,8.78E-06,0.051495433,4.02E-05,1,0,1,1,1
group_3145,,"capsular polysaccharide biosynthesis protein, putative",0,8,409,120,0,93.75,0,8.78E-06,0.051495433,4.02E-05,1,0,1,1,1
group_5073,,mannosyltransferase,0,8,409,120,0,93.75,0,8.78E-06,0.051495433,4.02E-05,1,0,1,1,1
group_5074,,"glycosyl transferase, group 1",0,8,409,120,0,93.75,0,8.78E-06,0.051495433,4.02E-05,1,0,1,1,1
group_5075,,"capsular polysaccharide biosynthesis protein, putative",0,8,409,120,0,93.75,0,8.78E-06,0.051495433,4.02E-05,1,0,1,1,1
group_5076,fcl,GDP-L-fucose synthetase,0,8,409,120,0,93.75,0,8.78E-06,0.051495433,4.02E-05,1,0,1,1,1
group_5077,,haloacid dehalogenase-like hydrolase domain/phosphoribulokinase domain protein,0,8,409,120,0,93.75,0,8.78E-06,0.051495433,4.02E-05,1,0,1,1,1
group_5078,,"capsular polysaccharide biosynthesis protein, putative",0,8,409,120,0,93.75,0,8.78E-06,0.051495433,4.02E-05,1,0,1,1,1
group_5079,,"capsular polysaccharide biosynthesis protein, putative",0,8,409,120,0,93.75,0,8.78E-06,0.051495433,4.02E-05,1,0,1,1,1
group_5080,porA,major outer membrane protein,0,8,409,120,0,93.75,0,8.78E-06,0.051495433,4.02E-05,1,0,1,1,1
group_5085,kpsC,capsule polysaccharide export protein KpsC,0,8,409,120,0,93.75,0,8.78E-06,0.051495433,4.02E-05,1,0,1,1,1
group_276,astA_2,Arylsulfotransferase,51,1,358,127,12.46943765,99.21875,18.09217877,9.35E-06,0.054818145,4.28E-05,1,1,1,1,1
traN,,Mating pair stabilization protein TraN,52,1,357,127,12.71393643,99.21875,18.49859944,9.96E-06,0.0583828,4.55E-05,1,1,1,1,1
group_1420,,"host-nuclease inhibitor protein Gam, putative",62,43,347,85,15.15892421,66.40625,0.353193486,1.14E-05,0.067002358,5.22E-05,1,1,1,1,1
group_814,,putative protein,368,128,41,0,89.97555012,0,0,1.21E-05,0.070848625,5.33E-05,1,0,1,1,1
group_2067,,hypothetical protein,41,0,368,128,10.02444988,100,inf,1.21E-05,0.070848625,5.33E-05,1,1,0,1,1
purB-2,,adenylosuccinate lyase,41,0,368,128,10.02444988,100,inf,1.21E-05,0.070848625,5.33E-05,1,1,0,1,1
group_2340,,"prophage MuSo1, F protein, putative",41,0,368,128,10.02444988,100,inf,1.21E-05,0.070848625,5.33E-05,1,1,0,1,1
group_738,,hypothetical protein,41,0,368,128,10.02444988,100,inf,1.21E-05,0.070848625,5.33E-05,1,1,0,1,1
dns_2,,extracellular deoxyribonuclease,41,0,368,128,10.02444988,100,inf,1.21E-05,0.070848625,5.33E-05,1,1,0,1,1
group_2504,,Phage portal protein,41,0,368,128,10.02444988,100,inf,1.21E-05,0.070848625,5.33E-05,1,1,0,1,1
group_3125,,hypothetical protein,41,0,368,128,10.02444988,100,inf,1.21E-05,0.070848625,5.33E-05,1,1,0,1,1
group_3126,,hypothetical protein,41,0,368,128,10.02444988,100,inf,1.21E-05,0.070848625,5.33E-05,1,1,0,1,1
group_3127,,hypothetical protein,41,0,368,128,10.02444988,100,inf,1.21E-05,0.070848625,5.33E-05,1,1,0,1,1
group_3130,,hypothetical protein,41,0,368,128,10.02444988,100,inf,1.21E-05,0.070848625,5.33E-05,1,1,0,1,1
group_3131,,"toxin-antitoxin protein, putative",41,0,368,128,10.02444988,100,inf,1.21E-05,0.070848625,5.33E-05,1,1,0,1,1
group_3907,,"DNA-binding protein, putative",41,0,368,128,10.02444988,100,inf,1.21E-05,0.070848625,5.33E-05,1,1,0,1,1
group_3908,,hypothetical protein,41,0,368,128,10.02444988,100,inf,1.21E-05,0.070848625,5.33E-05,1,1,0,1,1
group_4070,,"site-specific recombinase, phage integrase family",41,0,368,128,10.02444988,100,inf,1.21E-05,0.070848625,5.33E-05,1,1,0,1,1
group_4071,,"DNA binding protein, putative",41,0,368,128,10.02444988,100,inf,1.21E-05,0.070848625,5.33E-05,1,1,0,1,1
group_4072,,hypothetical protein,41,0,368,128,10.02444988,100,inf,1.21E-05,0.070848625,5.33E-05,1,1,0,1,1
group_4075,,hypothetical protein,41,0,368,128,10.02444988,100,inf,1.21E-05,0.070848625,5.33E-05,1,1,0,1,1
group_4079,,hypothetical protein,41,0,368,128,10.02444988,100,inf,1.21E-05,0.070848625,5.33E-05,1,1,0,1,1
group_4080,,DNA-binding protein Roi,41,0,368,128,10.02444988,100,inf,1.21E-05,0.070848625,5.33E-05,1,1,0,1,1
group_4081,,hypothetical protein,41,0,368,128,10.02444988,100,inf,1.21E-05,0.070848625,5.33E-05,1,1,0,1,1
group_4082,,hypothetical protein,41,0,368,128,10.02444988,100,inf,1.21E-05,0.070848625,5.33E-05,1,1,0,1,1
group_4090,,hypothetical protein,41,0,368,128,10.02444988,100,inf,1.21E-05,0.070848625,5.33E-05,1,1,0,1,1
group_4091,,hypothetical protein,41,0,368,128,10.02444988,100,inf,1.21E-05,0.070848625,5.33E-05,1,1,0,1,1
group_4092,,hypothetical protein,41,0,368,128,10.02444988,100,inf,1.21E-05,0.070848625,5.33E-05,1,1,0,1,1
group_4093,,"phage head-tail adaptor, putative",41,0,368,128,10.02444988,100,inf,1.21E-05,0.070848625,5.33E-05,1,1,0,1,1
group_4094,,hypothetical protein,41,0,368,128,10.02444988,100,inf,1.21E-05,0.070848625,5.33E-05,1,1,0,1,1
group_4095,,hypothetical protein,41,0,368,128,10.02444988,100,inf,1.21E-05,0.070848625,5.33E-05,1,1,0,1,1
group_4096,,"Major capsid protein, HK97 family",41,0,368,128,10.02444988,100,inf,1.21E-05,0.070848625,5.33E-05,1,1,0,1,1
group_4097,,hypothetical protein,41,0,368,128,10.02444988,100,inf,1.21E-05,0.070848625,5.33E-05,1,1,0,1,1
group_4098,,hypothetical protein,41,0,368,128,10.02444988,100,inf,1.21E-05,0.070848625,5.33E-05,1,1,0,1,1
group_4099,,hypothetical protein,41,0,368,128,10.02444988,100,inf,1.21E-05,0.070848625,5.33E-05,1,1,0,1,1
group_4100,,hypothetical protein,41,0,368,128,10.02444988,100,inf,1.21E-05,0.070848625,5.33E-05,1,1,0,1,1
group_4101,,"DNA repair protein rad2, putative",41,0,368,128,10.02444988,100,inf,1.21E-05,0.070848625,5.33E-05,1,1,0,1,1
group_4102,,hypothetical protein,41,0,368,128,10.02444988,100,inf,1.21E-05,0.070848625,5.33E-05,1,1,0,1,1
group_4103,,hypothetical protein,41,0,368,128,10.02444988,100,inf,1.21E-05,0.070848625,5.33E-05,1,1,0,1,1
group_4104,,"phage protein, HK97 gp10 family",41,0,368,128,10.02444988,100,inf,1.21E-05,0.070848625,5.33E-05,1,1,0,1,1
group_4109,,hypothetical protein,41,0,368,128,10.02444988,100,inf,1.21E-05,0.070848625,5.33E-05,1,1,0,1,1
group_4110,,HNH endonuclease domain protein,41,0,368,128,10.02444988,100,inf,1.21E-05,0.070848625,5.33E-05,1,1,0,1,1
group_4111,,"phage terminase, small subunit, putative",41,0,368,128,10.02444988,100,inf,1.21E-05,0.070848625,5.33E-05,1,1,0,1,1
group_4112,,"phage terminase, large subunit, putative",41,0,368,128,10.02444988,100,inf,1.21E-05,0.070848625,5.33E-05,1,1,0,1,1
group_583,,Inosine-uridine preferring nucleoside hydrolase,41,0,368,128,10.02444988,100,inf,1.21E-05,0.070848625,5.33E-05,1,1,0,1,1
group_1061,,hypothetical protein,41,0,368,128,10.02444988,100,inf,1.21E-05,0.070848625,5.33E-05,1,1,0,1,1
tarK,,Teichoic acid ribitol-phosphate polymerase TarK,41,0,368,128,10.02444988,100,inf,1.21E-05,0.070848625,5.33E-05,1,1,0,1,1
group_3767,,hypothetical protein,41,0,368,128,10.02444988,100,inf,1.21E-05,0.070848625,5.33E-05,1,1,0,1,1
group_2355,,"Na/Pi-cotransporter, putative",42,0,367,128,10.26894866,100,inf,1.26E-05,0.073903028,5.48E-05,1,1,0,1,1
group_2363,rbr,rubrerythrin,42,0,367,128,10.26894866,100,inf,1.26E-05,0.073903028,5.48E-05,1,1,0,1,1
group_3304,,Aminoglycoside N3'-acetyltransferase,42,0,367,128,10.26894866,100,inf,1.26E-05,0.073903028,5.48E-05,1,1,0,1,1
group_523,,hypothetical protein,42,0,367,128,10.26894866,100,inf,1.26E-05,0.073903028,5.48E-05,1,1,0,1,1
group_3384,,Putative uncharacterized protein,42,0,367,128,10.26894866,100,inf,1.26E-05,0.073903028,5.48E-05,1,1,0,1,1
group_824,,"alpha-2,3-sialyltransferase",42,0,367,128,10.26894866,100,inf,1.26E-05,0.073903028,5.48E-05,1,1,0,1,1
group_2351,,hypothetical protein,42,0,367,128,10.26894866,100,inf,1.26E-05,0.073903028,5.48E-05,1,1,0,1,1
group_659,,adenylosuccinate lyase,42,0,367,128,10.26894866,100,inf,1.26E-05,0.073903028,5.48E-05,1,1,0,1,1
group_3727,,hypothetical protein,42,0,367,128,10.26894866,100,inf,1.26E-05,0.073903028,5.48E-05,1,1,0,1,1
group_3059,,hypothetical protein,42,0,367,128,10.26894866,100,inf,1.26E-05,0.073903028,5.48E-05,1,1,0,1,1
group_3063,,WbdK,42,0,367,128,10.26894866,100,inf,1.26E-05,0.073903028,5.48E-05,1,1,0,1,1
rfbC_2,,"putative dTDP-4-dehydrorhamnose 3,5-epimerase",42,0,367,128,10.26894866,100,inf,1.26E-05,0.073903028,5.48E-05,1,1,0,1,1
group_3102,fcl,GDP-L-fucose synthetase,42,0,367,128,10.26894866,100,inf,1.26E-05,0.073903028,5.48E-05,1,1,0,1,1
ispD,,2-C-methyl-D-erythritol 4-phosphate cytidylyltransferase,42,0,367,128,10.26894866,100,inf,1.26E-05,0.073903028,5.48E-05,1,1,0,1,1
group_3763,,"capsular biosynthesis nucleotidyltransferase, putative",42,0,367,128,10.26894866,100,inf,1.26E-05,0.073903028,5.48E-05,1,1,0,1,1
group_3764,wcbK,"GDP-mannose 4,6-dehydratase",42,0,367,128,10.26894866,100,inf,1.26E-05,0.073903028,5.48E-05,1,1,0,1,1
group_3765,,GDP-fucose synthetase,42,0,367,128,10.26894866,100,inf,1.26E-05,0.073903028,5.48E-05,1,1,0,1,1
group_544,,inner membrane metabolite transport protein YdfJ,42,0,367,128,10.26894866,100,inf,1.26E-05,0.073903028,5.48E-05,1,1,0,1,1
group_764,,putative methyltransferase,42,0,367,128,10.26894866,100,inf,1.26E-05,0.073903028,5.48E-05,1,1,0,1,1
group_920,,formyl transferase domain protein,42,0,367,128,10.26894866,100,inf,1.26E-05,0.073903028,5.48E-05,1,1,0,1,1
group_253,,hypothetical protein,178,84,231,44,43.5207824,34.375,0.403628118,1.26E-05,0.073960844,5.48E-05,1,1,1,1,1
group_436,,hypothetical protein,311,71,98,57,76.0391198,44.53125,2.547714861,1.78E-05,0.104408147,7.73E-05,1,1,1,1,1
potA,,ABC transporter ATP-binding protein,320,75,89,53,78.2396088,41.40625,2.54082397,1.97E-05,0.115417092,8.54E-05,1,1,1,1,1
group_2449,flgE2,flagellar hook subunit protein,39,0,370,128,9.535452323,100,inf,2.08E-05,0.121938146,9.01E-05,1,1,0,1,1
group_1223,hddC_2,Hypothetical protein,39,0,370,128,9.535452323,100,inf,2.08E-05,0.121938146,9.01E-05,1,1,0,1,1
group_4121,,hypothetical protein,40,0,369,128,9.7799511,100,inf,2.10E-05,0.122829092,9.02E-05,1,1,0,1,1
group_1403,,putative sugar transferase,40,0,369,128,9.7799511,100,inf,2.10E-05,0.122829092,9.02E-05,1,1,0,1,1
group_1563,,hypothetical protein,40,0,369,128,9.7799511,100,inf,2.10E-05,0.122829092,9.02E-05,1,1,0,1,1
group_1971,,hypothetical protein,40,0,369,128,9.7799511,100,inf,2.10E-05,0.122829092,9.02E-05,1,1,0,1,1
rfbC_1,,"putative dTDP-4-dehydrorhamnose 3,5-epimerase",40,0,369,128,9.7799511,100,inf,2.10E-05,0.122829092,9.02E-05,1,1,0,1,1
group_2477,,hypothetical protein,40,0,369,128,9.7799511,100,inf,2.10E-05,0.122829092,9.02E-05,1,1,0,1,1
group_3062,,Hypothetical protein,40,0,369,128,9.7799511,100,inf,2.10E-05,0.122829092,9.02E-05,1,1,0,1,1
maf-3_1,,motility accessory factor,40,0,369,128,9.7799511,100,inf,2.10E-05,0.122829092,9.02E-05,1,1,0,1,1
group_343,,Putative periplasmic protein,79,6,330,122,19.31540342,95.3125,4.867676768,2.32E-05,0.135788692,9.96E-05,1,1,1,1,1
group_219,flaA,Flagellin A,56,2,353,126,13.69193154,98.4375,9.994334278,2.54E-05,0.148619145,0.000108958,1,1,1,1,1
group_1094,,pentapeptide repeat family protein,97,56,312,72,23.71638142,56.25,0.399725275,2.76E-05,0.161700142,0.000118288,1,1,1,1,1
group_2938,,"DNA binding domain, excisionase family",97,56,312,72,23.71638142,56.25,0.399725275,2.76E-05,0.161700142,0.000118288,1,1,1,1,1
group_3412,,"site-specific recombinase, phage integrase family",97,56,312,72,23.71638142,56.25,0.399725275,2.76E-05,0.161700142,0.000118288,1,1,1,1,1
group_964,,putative sugar-phosphate nucleotide transferase,225,43,184,85,55.01222494,66.40625,2.417214358,2.93E-05,0.172013725,0.000125741,1,1,1,1,1
group_555,tlpA,methyl-accepting chemotaxis protein,60,3,349,125,14.66992665,97.65625,7.163323782,3.14E-05,0.184179703,0.000134536,1,1,1,1,1
group_212,,putative transmembrane protein,371,97,38,31,90.70904645,24.21875,3.120184482,3.27E-05,0.191768754,0.000139977,1,1,1,1,1
group_4209,,hypothetical protein,6,13,403,115,1.466992665,89.84375,0.131704524,3.41E-05,0.199989351,0.000145765,1,1,1,1,1
group_3456,,hypothetical protein,6,13,403,115,1.466992665,89.84375,0.131704524,3.41E-05,0.199989351,0.000145765,1,1,1,1,1
group_934,,ABC transporter ATP-binding protein,38,0,371,128,9.290953545,100,inf,3.50E-05,0.205229395,0.000149041,1,1,0,1,1
group_285,,hypothetical protein,38,0,371,128,9.290953545,100,inf,3.50E-05,0.205229395,0.000149041,1,1,0,1,1
group_2935,,Putative uncharacterized protein,38,0,371,128,9.290953545,100,inf,3.50E-05,0.205229395,0.000149041,1,1,0,1,1
group_1029,,hypothetical protein,38,0,371,128,9.290953545,100,inf,3.50E-05,0.205229395,0.000149041,1,1,0,1,1
group_683,hddC_2,capsular polysaccharide heptosyltransferase,38,0,371,128,9.290953545,100,inf,3.50E-05,0.205229395,0.000149041,1,1,0,1,1
group_42,maf-3,Motility accessory factor,37,0,372,128,9.046454768,100,inf,3.59E-05,0.210631362,0.000152742,1,1,0,1,1
group_1330,,hypothetical protein,37,0,372,128,9.046454768,100,inf,3.59E-05,0.210631362,0.000152742,1,1,0,1,1
group_3164,,hypothetical protein,0,7,409,121,0,94.53125,0,3.85E-05,0.225558508,0.000162623,1,0,1,1,1
group_1658,,hypothetical protein (617 family),0,7,409,121,0,94.53125,0,3.85E-05,0.225558508,0.000162623,1,0,1,1,1
group_5172,,hypothetical protein,0,7,409,121,0,94.53125,0,3.85E-05,0.225558508,0.000162623,1,0,1,1,1
group_5173,,hypothetical protein,0,7,409,121,0,94.53125,0,3.85E-05,0.225558508,0.000162623,1,0,1,1,1
group_5174,,hypothetical protein,0,7,409,121,0,94.53125,0,3.85E-05,0.225558508,0.000162623,1,0,1,1,1
group_5175,,hypothetical protein,0,7,409,121,0,94.53125,0,3.85E-05,0.225558508,0.000162623,1,0,1,1,1
group_5176,,hypothetical protein,0,7,409,121,0,94.53125,0,3.85E-05,0.225558508,0.000162623,1,0,1,1,1
group_980,,Putative uncharacterized protein,0,7,409,121,0,94.53125,0,3.85E-05,0.225558508,0.000162623,1,0,1,1,1
group_1012,,putative restriction /modification enzyme,54,2,355,126,13.20293399,98.4375,9.583098592,4.10E-05,0.240360192,0.00017317,1,1,1,1,1
group_475,,"C4-dicarboxylate anaerobic carrier, putative",45,1,364,127,11.00244499,99.21875,15.70054945,4.46E-05,0.261510168,0.000188272,1,1,1,1,1
group_1572,cfbpB,"iron ABC transporter, permease protein",59,3,350,125,14.42542787,97.65625,7.023809524,4.99E-05,0.292264967,0.000210263,1,1,1,1,1
group_165,,hemoglobin protease,36,0,373,128,8.80195599,100,inf,5.88E-05,0.344710162,0.000242754,1,1,0,1,1
group_1168,,hypothetical protein,36,0,373,128,8.80195599,100,inf,5.88E-05,0.344710162,0.000242754,1,1,0,1,1
group_3132,,hypothetical protein,36,0,373,128,8.80195599,100,inf,5.88E-05,0.344710162,0.000242754,1,1,0,1,1
group_1018,,hypothetical protein,36,0,373,128,8.80195599,100,inf,5.88E-05,0.344710162,0.000242754,1,1,0,1,1
group_4113,,hypothetical protein,36,0,373,128,8.80195599,100,inf,5.88E-05,0.344710162,0.000242754,1,1,0,1,1
group_528,,"membrane protein, putative",36,0,373,128,8.80195599,100,inf,5.88E-05,0.344710162,0.000242754,1,1,0,1,1
group_1023,,hypothetical protein,36,0,373,128,8.80195599,100,inf,5.88E-05,0.344710162,0.000242754,1,1,0,1,1
group_1357,,putative transferase,36,0,373,128,8.80195599,100,inf,5.88E-05,0.344710162,0.000242754,1,1,0,1,1
tagF,,hypothetical protein,36,0,373,128,8.80195599,100,inf,5.88E-05,0.344710162,0.000242754,1,1,0,1,1
group_2048,,hypothetical protein,36,0,373,128,8.80195599,100,inf,5.88E-05,0.344710162,0.000242754,1,1,0,1,1
group_2505,,Phage portal protein,36,0,373,128,8.80195599,100,inf,5.88E-05,0.344710162,0.000242754,1,1,0,1,1
group_3065,,hypothetical protein,36,0,373,128,8.80195599,100,inf,5.88E-05,0.344710162,0.000242754,1,1,0,1,1
group_4073,,hypothetical protein,36,0,373,128,8.80195599,100,inf,5.88E-05,0.344710162,0.000242754,1,1,0,1,1
group_4074,,hypothetical protein,36,0,373,128,8.80195599,100,inf,5.88E-05,0.344710162,0.000242754,1,1,0,1,1
group_4076,,hypothetical protein,36,0,373,128,8.80195599,100,inf,5.88E-05,0.344710162,0.000242754,1,1,0,1,1
group_4077,,hypothetical protein,36,0,373,128,8.80195599,100,inf,5.88E-05,0.344710162,0.000242754,1,1,0,1,1
group_4083,,hypothetical protein,36,0,373,128,8.80195599,100,inf,5.88E-05,0.344710162,0.000242754,1,1,0,1,1
group_4084,,hypothetical protein,36,0,373,128,8.80195599,100,inf,5.88E-05,0.344710162,0.000242754,1,1,0,1,1
group_4085,,"Exonuclease, possibly dna polymerase III epsilon subunit",36,0,373,128,8.80195599,100,inf,5.88E-05,0.344710162,0.000242754,1,1,0,1,1
group_4086,,"Exonuclease, possibly dna polymerase III epsilon subunit",36,0,373,128,8.80195599,100,inf,5.88E-05,0.344710162,0.000242754,1,1,0,1,1
group_4088,,hypothetical protein,36,0,373,128,8.80195599,100,inf,5.88E-05,0.344710162,0.000242754,1,1,0,1,1
group_4089,,hypothetical protein,36,0,373,128,8.80195599,100,inf,5.88E-05,0.344710162,0.000242754,1,1,0,1,1
group_4105,,Putative uncharacterized protein,36,0,373,128,8.80195599,100,inf,5.88E-05,0.344710162,0.000242754,1,1,0,1,1
group_4107,,Putative periplasmic protein,36,0,373,128,8.80195599,100,inf,5.88E-05,0.344710162,0.000242754,1,1,0,1,1
group_4108,,Hypothetical protein,36,0,373,128,8.80195599,100,inf,5.88E-05,0.344710162,0.000242754,1,1,0,1,1
group_4114,,hypothetical protein,36,0,373,128,8.80195599,100,inf,5.88E-05,0.344710162,0.000242754,1,1,0,1,1
group_4115,,hypothetical protein,36,0,373,128,8.80195599,100,inf,5.88E-05,0.344710162,0.000242754,1,1,0,1,1
group_4116,,hypothetical protein,36,0,373,128,8.80195599,100,inf,5.88E-05,0.344710162,0.000242754,1,1,0,1,1
group_4117,,transposase,36,0,373,128,8.80195599,100,inf,5.88E-05,0.344710162,0.000242754,1,1,0,1,1
group_4118,,transposase A-OrfA,36,0,373,128,8.80195599,100,inf,5.88E-05,0.344710162,0.000242754,1,1,0,1,1
ybbB,,GTP-binding protein,340,123,69,5,83.12958435,3.90625,0.200306351,6.07E-05,0.355890104,0.00025045,1,1,1,1,1
group_1052,,Putative transmembrane transport protein,2,9,407,119,0.488997555,92.96875,0.064974065,6.97E-05,0.408362417,0.000287175,1,1,1,1,1
group_259,,Putative transcriptional regulatory protein,44,1,365,127,10.75794621,99.21875,15.30958904,7.27E-05,0.426197732,0.000299506,1,1,1,1,1
group_1454,,"Membrane protein, putative",49,35,360,93,11.9804401,72.65625,0.361666667,7.55E-05,0.442799125,0.000310954,1,1,1,1,1
group_3143,,hypothetical protein,7,13,402,115,1.711491443,89.84375,0.154037505,7.76E-05,0.454735911,0.000319113,1,1,1,1,1
group_463,,hypothetical protein,15,18,394,110,3.667481663,85.9375,0.232656514,8.22E-05,0.48182193,0.000337884,1,1,1,1,1
pabB,,"Para-aminobenzoate synthase, aminase component I",347,124,62,4,84.84107579,3.125,0.180541103,9.08E-05,0.532170716,0.00037293,1,1,1,1,1
group_800,,"phage repressor protein, putative",34,0,375,128,8.312958435,100,inf,9.93E-05,0.581914018,0.000403827,1,1,0,1,1
group_2895,,hypothetical protein,34,0,375,128,8.312958435,100,inf,9.93E-05,0.581914018,0.000403827,1,1,0,1,1
group_3343,,Putative oxidoreductase subunit,34,0,375,128,8.312958435,100,inf,9.93E-05,0.581914018,0.000403827,1,1,0,1,1
group_452,,hypothetical protein,34,0,375,128,8.312958435,100,inf,9.93E-05,0.581914018,0.000403827,1,1,0,1,1
group_1276,ldh,L-lactate dehydrogenase,34,0,375,128,8.312958435,100,inf,9.93E-05,0.581914018,0.000403827,1,1,0,1,1
group_3342,,Putative periplasmic protein,34,0,375,128,8.312958435,100,inf,9.93E-05,0.581914018,0.000403827,1,1,0,1,1
group_3325,,"acetyltransferase, GNAT family",34,0,375,128,8.312958435,100,inf,9.93E-05,0.581914018,0.000403827,1,1,0,1,1
group_1118,,Putative Lactamase B (Metallo-beta-lactamase superfamily),34,0,375,128,8.312958435,100,inf,9.93E-05,0.581914018,0.000403827,1,1,0,1,1
group_3757,,hypothetical protein,34,0,375,128,8.312958435,100,inf,9.93E-05,0.581914018,0.000403827,1,1,0,1,1
group_3759,,"proline/betaine transporter, putative",34,0,375,128,8.312958435,100,inf,9.93E-05,0.581914018,0.000403827,1,1,0,1,1
group_2465,,"Beta-1,4-galactosyltransferase",34,0,375,128,8.312958435,100,inf,9.93E-05,0.581914018,0.000403827,1,1,0,1,1
group_3761,,hypothetical protein,34,0,375,128,8.312958435,100,inf,9.93E-05,0.581914018,0.000403827,1,1,0,1,1
group_89,,hypothetical protein,34,0,375,128,8.312958435,100,inf,9.93E-05,0.581914018,0.000403827,1,1,0,1,1
group_1638,,hypothetical protein,34,0,375,128,8.312958435,100,inf,9.93E-05,0.581914018,0.000403827,1,1,0,1,1
arsB,,Putative arsenical pump membrane protein,374,128,35,0,91.44254279,0,0,0.000105556,0.618770137,0.000427033,1,0,1,1,1
group_164,,serine protease pet,374,128,35,0,91.44254279,0,0,0.000105556,0.618770137,0.000427033,1,0,1,1,1
group_2024,,putative sulfatase family protein,35,0,374,128,8.557457213,100,inf,0.000105556,0.618770137,0.000427033,1,1,0,1,1
group_2047,,hypothetical protein,35,0,374,128,8.557457213,100,inf,0.000105556,0.618770137,0.000427033,1,1,0,1,1
group_3782,,hypothetical protein,35,0,374,128,8.557457213,100,inf,0.000105556,0.618770137,0.000427033,1,1,0,1,1
group_3783,,hypothetical protein,35,0,374,128,8.557457213,100,inf,0.000105556,0.618770137,0.000427033,1,1,0,1,1
group_4087,,hypothetical protein,35,0,374,128,8.557457213,100,inf,0.000105556,0.618770137,0.000427033,1,1,0,1,1
group_927,,hypothetical protein,35,0,374,128,8.557457213,100,inf,0.000105556,0.618770137,0.000427033,1,1,0,1,1
group_258,,Putative transcriptional regulatory protein,367,127,42,1,89.73105134,0.78125,0.0688039,0.000119759,0.702027637,0.000484157,1,1,1,1,1
group_141,,hypothetical protein,8,13,401,115,1.95599022,89.84375,0.176481872,0.00016205,0.949939572,0.000653328,1,1,1,1,1
group_2480,,hypothetical protein,8,13,401,115,1.95599022,89.84375,0.176481872,0.00016205,0.949939572,0.000653328,1,1,1,1,1
group_3076,,hypothetical protein,8,13,401,115,1.95599022,89.84375,0.176481872,0.00016205,0.949939572,0.000653328,1,1,1,1,1
group_3800,,hypothetical protein,8,13,401,115,1.95599022,89.84375,0.176481872,0.00016205,0.949939572,0.000653328,1,1,1,1,1
pseH,,"N-Acetyltransferase, PseH",220,44,189,84,53.78973105,65.625,2.222222222,0.000165066,0.967618047,0.00066503,1,1,1,1,1
group_1136,,Hypothetical protein,409,122,0,6,100,4.6875,inf,0.000167474,0.981734162,0.000665087,1,1,0,1,1
group_2428,,putative sugar transferase,0,6,409,122,0,95.3125,0,0.000167474,0.981734162,0.000665087,1,0,1,1,1
group_3000,,Putative uncharacterized protein,0,6,409,122,0,95.3125,0,0.000167474,0.981734162,0.000665087,1,0,1,1,1
group_3541,,adenylylsulfate kinase,0,6,409,122,0,95.3125,0,0.000167474,0.981734162,0.000665087,1,0,1,1,1
group_3542,,galactosyltransferase,0,6,409,122,0,95.3125,0,0.000167474,0.981734162,0.000665087,1,0,1,1,1
group_3543,,hypothetical protein,0,6,409,122,0,95.3125,0,0.000167474,0.981734162,0.000665087,1,0,1,1,1
group_3544,,putative sugar transferase,0,6,409,122,0,95.3125,0,0.000167474,0.981734162,0.000665087,1,0,1,1,1
group_3545,,Hypothetical protein,0,6,409,122,0,95.3125,0,0.000167474,0.981734162,0.000665087,1,0,1,1,1
group_3546,,Putative glycosyltransferase,0,6,409,122,0,95.3125,0,0.000167474,0.981734162,0.000665087,1,0,1,1,1
group_3957,,hypothetical protein,0,6,409,122,0,95.3125,0,0.000167474,0.981734162,0.000665087,1,0,1,1,1
group_3958,,Putative uncharacterized protein,0,6,409,122,0,95.3125,0,0.000167474,0.981734162,0.000665087,1,0,1,1,1
group_3959,,Putative glycosyltransferase,0,6,409,122,0,95.3125,0,0.000167474,0.981734162,0.000665087,1,0,1,1,1
group_3960,,putative sugar transferase,0,6,409,122,0,95.3125,0,0.000167474,0.981734162,0.000665087,1,0,1,1,1
group_3961,,"capsular polysaccharide ABC transporter, permease protein",0,6,409,122,0,95.3125,0,0.000167474,0.981734162,0.000665087,1,0,1,1,1
group_3962,,Hypothetical protein,0,6,409,122,0,95.3125,0,0.000167474,0.981734162,0.000665087,1,0,1,1,1
group_3963,,hypothetical protein,0,6,409,122,0,95.3125,0,0.000167474,0.981734162,0.000665087,1,0,1,1,1
group_3964,rfbC,"putative dTDP-4-dehydrorhamnose 3,5-epimerase",0,6,409,122,0,95.3125,0,0.000167474,0.981734162,0.000665087,1,0,1,1,1
group_3965,,"capsular biosynthesis nucleotidyltransferase, putative",0,6,409,122,0,95.3125,0,0.000167474,0.981734162,0.000665087,1,0,1,1,1
cysC_2,,Putative adenylylsulfate kinase,0,6,409,122,0,95.3125,0,0.000167474,0.981734162,0.000665087,1,0,1,1,1
group_4196,,hypothetical protein,0,6,409,122,0,95.3125,0,0.000167474,0.981734162,0.000665087,1,0,1,1,1
group_579,dam,DNA adenine methylase,32,0,377,128,7.82396088,100,inf,0.000168371,0.986989151,0.000665087,1,1,0,1,1
group_785,,putative sugar transferase,32,0,377,128,7.82396088,100,inf,0.000168371,0.986989151,0.000665087,1,1,0,1,1
group_1176,,"tail protein D, putative",32,0,377,128,7.82396088,100,inf,0.000168371,0.986989151,0.000665087,1,1,0,1,1
group_3909,,hypothetical protein,32,0,377,128,7.82396088,100,inf,0.000168371,0.986989151,0.000665087,1,1,0,1,1
lexA,,LexA repressor,32,0,377,128,7.82396088,100,inf,0.000168371,0.986989151,0.000665087,1,1,0,1,1
group_3911,,hypothetical protein,32,0,377,128,7.82396088,100,inf,0.000168371,0.986989151,0.000665087,1,1,0,1,1
group_1968,,hypothetical protein,32,0,377,128,7.82396088,100,inf,0.000168371,0.986989151,0.000665087,1,1,0,1,1
group_1709,,hypothetical protein,32,0,377,128,7.82396088,100,inf,0.000168371,0.986989151,0.000665087,1,1,0,1,1
group_3913,,hypothetical protein,32,0,377,128,7.82396088,100,inf,0.000168371,0.986989151,0.000665087,1,1,0,1,1
group_827,,hypothetical protein,376,128,33,0,91.93154034,0,0,0.000172871,1,0.000677838,1,0,1,1,1
group_425,,"bacteriophage DNA transposition protein A, putative",33,0,376,128,8.068459658,100,inf,0.000172871,1,0.000677838,1,1,0,1,1
group_1503,,oxidoreductase,33,0,376,128,8.068459658,100,inf,0.000172871,1,0.000677838,1,1,0,1,1
group_826,,hypothetical protein,33,0,376,128,8.068459658,100,inf,0.000172871,1,0.000677838,1,1,0,1,1
group_3309,arsB,arsenical pump membrane protein,33,0,376,128,8.068459658,100,inf,0.000172871,1,0.000677838,1,1,0,1,1
group_3310,,membrane protein,33,0,376,128,8.068459658,100,inf,0.000172871,1,0.000677838,1,1,0,1,1
group_3394,,hypothetical protein,33,0,376,128,8.068459658,100,inf,0.000172871,1,0.000677838,1,1,0,1,1
group_602,,hypothetical protein,33,0,376,128,8.068459658,100,inf,0.000172871,1,0.000677838,1,1,0,1,1
group_21,,hypothetical protein,33,0,376,128,8.068459658,100,inf,0.000172871,1,0.000677838,1,1,0,1,1
group_3128,,hypothetical protein,33,0,376,128,8.068459658,100,inf,0.000172871,1,0.000677838,1,1,0,1,1
group_502,,hypothetical protein,33,0,376,128,8.068459658,100,inf,0.000172871,1,0.000677838,1,1,0,1,1
group_4195,flgE-2,Flagellar hook subunit protein,7,12,402,116,1.711491443,90.625,0.168325041,0.000228175,1,0.000894094,1,1,1,1,1
group_171,flaA,flagellin,169,30,240,98,41.3202934,76.5625,2.300277778,0.000230867,1,0.000904035,1,1,1,1,1
group_2995,,Phage (Mu-like) virion morphogenesis protein,31,0,378,128,7.579462103,100,inf,0.000284753,1,0.001113559,1,1,0,1,1
group_424,,"bacteriophage DNA transposition protein A, putative",31,0,378,128,7.579462103,100,inf,0.000284753,1,0.001113559,1,1,0,1,1
group_584,,Inosine-uridine preferring nucleoside hydrolase family protein,379,128,30,0,92.66503667,0,0,0.000286802,1,0.001114877,1,0,1,1,1
group_1544,,putative nucleotidyl transferase,30,0,379,128,7.334963325,100,inf,0.000286802,1,0.001114877,1,1,0,1,1
group_1170,,Putative uncharacterized protein,30,0,379,128,7.334963325,100,inf,0.000286802,1,0.001114877,1,1,0,1,1
group_316,dapH,acetyltransferase,30,0,379,128,7.334963325,100,inf,0.000286802,1,0.001114877,1,1,0,1,1
group_3308,,hypothetical protein,30,0,379,128,7.334963325,100,inf,0.000286802,1,0.001114877,1,1,0,1,1
group_1439,,hypothetical protein,30,0,379,128,7.334963325,100,inf,0.000286802,1,0.001114877,1,1,0,1,1
group_4186,flgE-2,Flagellar hook subunit protein,30,0,379,128,7.334963325,100,inf,0.000286802,1,0.001114877,1,1,0,1,1
group_2025,,putative sulfatase family protein,30,0,379,128,7.334963325,100,inf,0.000286802,1,0.001114877,1,1,0,1,1
group_673,,hypothetical protein,30,0,379,128,7.334963325,100,inf,0.000286802,1,0.001114877,1,1,0,1,1
group_4202,,hypothetical protein,9,13,400,115,2.200488998,89.84375,0.199038462,0.000315233,1,0.001221346,1,1,1,1,1
group_4203,,hypothetical protein,9,13,400,115,2.200488998,89.84375,0.199038462,0.000315233,1,0.001221346,1,1,1,1,1
group_4217,,hypothetical protein,9,13,400,115,2.200488998,89.84375,0.199038462,0.000315233,1,0.001221346,1,1,1,1,1
group_4218,,hypothetical protein,9,13,400,115,2.200488998,89.84375,0.199038462,0.000315233,1,0.001221346,1,1,1,1,1
group_4219,,hypothetical protein,9,13,400,115,2.200488998,89.84375,0.199038462,0.000315233,1,0.001221346,1,1,1,1,1
group_1316,,cytochrome c family protein,137,22,272,106,33.49633252,82.8125,2.426804813,0.000359492,1,0.001391902,1,1,1,1,1
group_526,,"membrane protein, putative",222,92,187,36,54.27872861,28.125,0.46454313,0.000452268,1,0.001749966,1,1,1,1,1
dcuD,,C4-dicarboxylate transporter,380,128,29,0,92.90953545,0,0,0.000471743,1,0.001814538,1,0,1,1,1
group_2066,,hypothetical protein,29,0,380,128,7.090464548,100,inf,0.000471743,1,0.001814538,1,1,0,1,1
group_2506,,hypothetical protein,29,0,380,128,7.090464548,100,inf,0.000471743,1,0.001814538,1,1,0,1,1
group_322,,hypothetical protein,29,0,380,128,7.090464548,100,inf,0.000471743,1,0.001814538,1,1,0,1,1
group_369,recD2,ATP-dependent RecD-like DNA helicase,29,0,380,128,7.090464548,100,inf,0.000471743,1,0.001814538,1,1,0,1,1
group_86,,hypothetical protein,29,0,380,128,7.090464548,100,inf,0.000471743,1,0.001814538,1,1,0,1,1
group_1965,,hypothetical protein,29,0,380,128,7.090464548,100,inf,0.000471743,1,0.001814538,1,1,0,1,1
group_2046,,hypothetical protein,29,0,380,128,7.090464548,100,inf,0.000471743,1,0.001814538,1,1,0,1,1
group_3931,,hypothetical protein,29,0,380,128,7.090464548,100,inf,0.000471743,1,0.001814538,1,1,0,1,1
group_163,,hypothetical protein,246,54,163,74,60.14669927,57.8125,2.068166326,0.0004965,1,0.001908514,1,1,1,1,1
group_182,maf-6,hypothetical protein,37,1,372,127,9.046454768,99.21875,12.63172043,0.000535493,1,0.002057052,1,1,1,1,1
cysK,,cysteine synthase A,56,4,353,124,13.69193154,96.875,4.917847025,0.000574849,1,0.002206788,1,1,1,1,1
group_1090,,hypothetical protein,10,13,399,115,2.444987775,89.84375,0.221708116,0.000576982,1,0.002209189,1,1,1,1,1
group_1238,,hypothetical protein,10,13,399,115,2.444987775,89.84375,0.221708116,0.000576982,1,0.002209189,1,1,1,1,1
group_1959,,hypothetical protein,10,13,399,115,2.444987775,89.84375,0.221708116,0.000576982,1,0.002209189,1,1,1,1,1
group_3822,,hypothetical protein,10,13,399,115,2.444987775,89.84375,0.221708116,0.000576982,1,0.002209189,1,1,1,1,1
group_766,,putative integral membrane protein,139,23,270,105,33.98533007,82.03125,2.350241546,0.00058004,1,0.00221945,1,1,1,1,1
group_309,,putative CRISPR-associated protein,0,5,409,123,0,96.09375,0,0.00072436,1,0.002766254,1,0,1,1,1
group_2998,,galactosyltransferase,0,5,409,123,0,96.09375,0,0.00072436,1,0.002766254,1,0,1,1,1
group_5178,,hypothetical protein,0,5,409,123,0,96.09375,0,0.00072436,1,0.002766254,1,0,1,1,1
group_1104,,membrane protein,406,120,3,8,99.26650367,6.25,9.022222222,0.000738445,1,0.002818204,1,1,1,1,1
group_1949,,hypothetical protein,170,32,239,96,41.56479218,75,2.133891213,0.000783173,1,0.002977812,1,1,1,1,1
waaV,,lipooligosaccharide biosynthesis glycosyltransferase,382,128,27,0,93.39853301,0,0,0.000785854,1,0.002977812,1,0,1,1,1
group_4122,,hypothetical protein,27,0,382,128,6.601466993,100,inf,0.000785854,1,0.002977812,1,1,0,1,1
group_118,,Putative periplasmic protein,27,0,382,128,6.601466993,100,inf,0.000785854,1,0.002977812,1,1,0,1,1
dns_1,,extracellular deoxyribonuclease,27,0,382,128,6.601466993,100,inf,0.000785854,1,0.002977812,1,1,0,1,1
group_4128,,hypothetical protein,27,0,382,128,6.601466993,100,inf,0.000785854,1,0.002977812,1,1,0,1,1
group_4129,,hypothetical protein,27,0,382,128,6.601466993,100,inf,0.000785854,1,0.002977812,1,1,0,1,1
group_4127,,ankyrin-repeat containing protein,27,0,382,128,6.601466993,100,inf,0.000785854,1,0.002977812,1,1,0,1,1
group_4130,,Putative uncharacterized protein,27,0,382,128,6.601466993,100,inf,0.000785854,1,0.002977812,1,1,0,1,1
group_3420,,hypothetical protein,27,0,382,128,6.601466993,100,inf,0.000785854,1,0.002977812,1,1,0,1,1
group_5466,,Putative uncharacterized protein,27,0,382,128,6.601466993,100,inf,0.000785854,1,0.002977812,1,1,0,1,1
group_2931,,hypothetical protein,169,32,240,96,41.3202934,75,2.1125,0.000802261,1,0.003038019,1,1,1,1,1
group_3014,,hypothetical protein,28,0,381,128,6.84596577,100,inf,0.00084642,1,0.003194923,1,1,0,1,1
group_157,,Putative outer-membrane protein,28,0,381,128,6.84596577,100,inf,0.00084642,1,0.003194923,1,1,0,1,1
group_4190,,hypothetical protein,28,0,381,128,6.84596577,100,inf,0.00084642,1,0.003194923,1,1,0,1,1
group_1976,,hypothetical protein,28,0,381,128,6.84596577,100,inf,0.00084642,1,0.003194923,1,1,0,1,1
group_2049,,hypothetical protein,28,0,381,128,6.84596577,100,inf,0.00084642,1,0.003194923,1,1,0,1,1
group_2386,,RelE/ParE family plasmid stabilization system protein,2,7,407,121,0.488997555,94.53125,0.084942085,0.000887576,1,0.003348116,1,1,1,1,1
group_1453,,"Membrane protein, putative",247,98,162,30,60.39119804,23.4375,0.466742252,0.000999566,1,0.003768138,1,1,1,1,1
group_623,,Putative periplasmic protein,336,120,73,8,82.15158924,6.25,0.306849315,0.001000623,1,0.003769698,1,1,1,1,1
group_282,,MCP-domain signal transduction protein,68,7,341,121,16.62591687,94.53125,3.447004608,0.001131652,1,0.004260594,1,1,1,1,1
group_2930,,hypothetical protein,167,32,242,96,40.83129584,75,2.070247934,0.001138898,1,0.004285123,1,1,1,1,1
group_2402,fcl,GDP-fucose synthetase,62,6,347,122,15.15892421,95.3125,3.633045149,0.001224203,1,0.004603129,1,1,1,1,1
group_1322,,Putative uncharacterized protein,123,20,286,108,30.07334963,84.375,2.322377622,0.0012527,1,0.004707261,1,1,1,1,1
group_1161,,hypothetical protein,25,0,384,128,6.112469438,100,inf,0.001315921,1,0.004929028,1,1,0,1,1
group_156,,hypothetical protein,25,0,384,128,6.112469438,100,inf,0.001315921,1,0.004929028,1,1,0,1,1
group_470,,hypothetical protein,25,0,384,128,6.112469438,100,inf,0.001315921,1,0.004929028,1,1,0,1,1
group_3929,flgE-2,Flagellar hook subunit protein,25,0,384,128,6.112469438,100,inf,0.001315921,1,0.004929028,1,1,0,1,1
group_1647,,hypothetical protein,25,0,384,128,6.112469438,100,inf,0.001315921,1,0.004929028,1,1,0,1,1
group_813,,"Peptidase, A24 family",51,4,358,124,12.46943765,96.875,4.416201117,0.001328275,1,0.004972127,1,1,1,1,1
group_115,,Putative periplasmic protein,102,15,307,113,24.93887531,88.28125,2.502931596,0.001335522,1,0.004996062,1,1,1,1,1
group_539,waaV,lipooligosaccharide biosynthesis glycosyltransferase,26,0,383,128,6.356968215,100,inf,0.001370012,1,0.005105539,1,1,0,1,1
group_471,,hypothetical protein,26,0,383,128,6.356968215,100,inf,0.001370012,1,0.005105539,1,1,0,1,1
group_1154,,hypothetical protein,26,0,383,128,6.356968215,100,inf,0.001370012,1,0.005105539,1,1,0,1,1
group_1696,hddC_1,capsular polysaccharide heptosyltransferase,26,0,383,128,6.356968215,100,inf,0.001370012,1,0.005105539,1,1,0,1,1
group_4187,,hypothetical protein,26,0,383,128,6.356968215,100,inf,0.001370012,1,0.005105539,1,1,0,1,1
group_4188,,hypothetical protein,26,0,383,128,6.356968215,100,inf,0.001370012,1,0.005105539,1,1,0,1,1
group_1264,,putative integral membrane protein,399,116,10,12,97.55501222,9.375,4.127586207,0.001477308,1,0.0054984,1,1,1,1,1
group_3112,,hypothetical protein,10,12,399,116,2.444987775,90.625,0.242272348,0.001477308,1,0.0054984,1,1,1,1,1
group_1311,,Cytochrome c family protein,65,7,344,121,15.89242054,94.53125,3.266196013,0.001681906,1,0.006255921,1,1,1,1,1
flgE-2,,Flagellar hook subunit protein,76,41,333,87,18.58190709,67.96875,0.484289167,0.002040267,1,0.007584049,1,1,1,1,1
group_2197,,putative periplasmic protein,386,128,23,0,94.37652812,0,0,0.002213969,1,0.008088469,1,0,1,1,1
group_1341,,capsular polysaccharide biosynthesis protein,23,0,386,128,5.623471883,100,inf,0.002213969,1,0.008088469,1,1,0,1,1
group_93,,type II restriction-modification enzyme,23,0,386,128,5.623471883,100,inf,0.002213969,1,0.008088469,1,1,0,1,1
group_402,,galactosyltransferase,23,0,386,128,5.623471883,100,inf,0.002213969,1,0.008088469,1,1,0,1,1
group_120,,Putative periplasmic protein,23,0,386,128,5.623471883,100,inf,0.002213969,1,0.008088469,1,1,0,1,1
group_146,,Putative outer-membrane protein,23,0,386,128,5.623471883,100,inf,0.002213969,1,0.008088469,1,1,0,1,1
group_2949,,hypothetical protein,23,0,386,128,5.623471883,100,inf,0.002213969,1,0.008088469,1,1,0,1,1
virD4,,VirD4,23,0,386,128,5.623471883,100,inf,0.002213969,1,0.008088469,1,1,0,1,1
group_3431,,hypothetical protein,23,0,386,128,5.623471883,100,inf,0.002213969,1,0.008088469,1,1,0,1,1
group_3443,,hypothetical protein,23,0,386,128,5.623471883,100,inf,0.002213969,1,0.008088469,1,1,0,1,1
group_3445,,hypothetical protein,23,0,386,128,5.623471883,100,inf,0.002213969,1,0.008088469,1,1,0,1,1
group_3483,,hypothetical protein,23,0,386,128,5.623471883,100,inf,0.002213969,1,0.008088469,1,1,0,1,1
group_1260,,putative integral membrane protein,24,0,385,128,5.86797066,100,inf,0.002231159,1,0.008088469,1,1,0,1,1
group_3421,,putative lipoprotein,24,0,385,128,5.86797066,100,inf,0.002231159,1,0.008088469,1,1,0,1,1
group_265,,putative sugar nucleotidyltransferase,24,0,385,128,5.86797066,100,inf,0.002231159,1,0.008088469,1,1,0,1,1
group_1191,,hypothetical protein,24,0,385,128,5.86797066,100,inf,0.002231159,1,0.008088469,1,1,0,1,1
virB10,,VirB10,24,0,385,128,5.86797066,100,inf,0.002231159,1,0.008088469,1,1,0,1,1
trbB,,conjugative transfer regulon protein,24,0,385,128,5.86797066,100,inf,0.002231159,1,0.008088469,1,1,0,1,1
group_2944,,hypothetical protein,24,0,385,128,5.86797066,100,inf,0.002231159,1,0.008088469,1,1,0,1,1
group_2945,,VirD4,24,0,385,128,5.86797066,100,inf,0.002231159,1,0.008088469,1,1,0,1,1
group_2947,,hypothetical protein,24,0,385,128,5.86797066,100,inf,0.002231159,1,0.008088469,1,1,0,1,1
group_2948,,"RepE replication protein, putative",24,0,385,128,5.86797066,100,inf,0.002231159,1,0.008088469,1,1,0,1,1
group_3422,,hypothetical protein,24,0,385,128,5.86797066,100,inf,0.002231159,1,0.008088469,1,1,0,1,1
group_3423,,hypothetical protein,24,0,385,128,5.86797066,100,inf,0.002231159,1,0.008088469,1,1,0,1,1
virB4,,VirB4,24,0,385,128,5.86797066,100,inf,0.002231159,1,0.008088469,1,1,0,1,1
group_3425,,VirB7,24,0,385,128,5.86797066,100,inf,0.002231159,1,0.008088469,1,1,0,1,1
virB8,,VirB8,24,0,385,128,5.86797066,100,inf,0.002231159,1,0.008088469,1,1,0,1,1
virB9,,VirB9,24,0,385,128,5.86797066,100,inf,0.002231159,1,0.008088469,1,1,0,1,1
group_3429,,hypothetical protein,24,0,385,128,5.86797066,100,inf,0.002231159,1,0.008088469,1,1,0,1,1
group_3432,,hypothetical protein,24,0,385,128,5.86797066,100,inf,0.002231159,1,0.008088469,1,1,0,1,1
group_3433,,hypothetical protein,24,0,385,128,5.86797066,100,inf,0.002231159,1,0.008088469,1,1,0,1,1
group_3434,,hypothetical protein,24,0,385,128,5.86797066,100,inf,0.002231159,1,0.008088469,1,1,0,1,1
group_3435,ssb_2,putative single stranded DNA binding protein,24,0,385,128,5.86797066,100,inf,0.002231159,1,0.008088469,1,1,0,1,1
group_3439,,putative plasmid partioning ParA protein,24,0,385,128,5.86797066,100,inf,0.002231159,1,0.008088469,1,1,0,1,1
group_3440,,hypothetical protein,24,0,385,128,5.86797066,100,inf,0.002231159,1,0.008088469,1,1,0,1,1
group_3441,,hypothetical protein,24,0,385,128,5.86797066,100,inf,0.002231159,1,0.008088469,1,1,0,1,1
group_3442,,TrbM-like protein,24,0,385,128,5.86797066,100,inf,0.002231159,1,0.008088469,1,1,0,1,1
group_3444,,hypothetical protein,24,0,385,128,5.86797066,100,inf,0.002231159,1,0.008088469,1,1,0,1,1
group_359,,hypothetical protein,24,0,385,128,5.86797066,100,inf,0.002231159,1,0.008088469,1,1,0,1,1
group_7346,,hypothetical protein,24,0,385,128,5.86797066,100,inf,0.002231159,1,0.008088469,1,1,0,1,1
group_649,,Putative uncharacterized protein,355,96,54,32,86.79706601,25,2.191358025,0.002280759,1,0.008263171,1,1,1,1,1
group_1779,,"sodium transporter, putative",32,1,377,127,7.82396088,99.21875,10.77984085,0.00235363,1,0.008483271,1,1,1,1,1
group_3833,,hypothetical protein,3,7,406,121,0.733496333,94.53125,0.127726953,0.002370453,1,0.008483271,1,1,1,1,1
group_1382,,formyl transferase domain protein,3,7,406,121,0.733496333,94.53125,0.127726953,0.002370453,1,0.008483271,1,1,1,1,1
group_2389,,hypothetical protein,3,7,406,121,0.733496333,94.53125,0.127726953,0.002370453,1,0.008483271,1,1,1,1,1
group_3779,,hypothetical protein,3,7,406,121,0.733496333,94.53125,0.127726953,0.002370453,1,0.008483271,1,1,1,1,1
group_3786,,hypothetical protein,3,7,406,121,0.733496333,94.53125,0.127726953,0.002370453,1,0.008483271,1,1,1,1,1
group_3788,,hypothetical protein,3,7,406,121,0.733496333,94.53125,0.127726953,0.002370453,1,0.008483271,1,1,1,1,1
group_3789,,hypothetical protein,3,7,406,121,0.733496333,94.53125,0.127726953,0.002370453,1,0.008483271,1,1,1,1,1
group_3790,,hypothetical protein,3,7,406,121,0.733496333,94.53125,0.127726953,0.002370453,1,0.008483271,1,1,1,1,1
mazF9,,Endoribonuclease MazF9,3,7,406,121,0.733496333,94.53125,0.127726953,0.002370453,1,0.008483271,1,1,1,1,1
group_3796,,hypothetical protein,3,7,406,121,0.733496333,94.53125,0.127726953,0.002370453,1,0.008483271,1,1,1,1,1
group_3798,,hypothetical protein,3,7,406,121,0.733496333,94.53125,0.127726953,0.002370453,1,0.008483271,1,1,1,1,1
group_3799,,hypothetical protein,3,7,406,121,0.733496333,94.53125,0.127726953,0.002370453,1,0.008483271,1,1,1,1,1
group_3811,,hypothetical protein,3,7,406,121,0.733496333,94.53125,0.127726953,0.002370453,1,0.008483271,1,1,1,1,1
group_3819,,hypothetical protein,3,7,406,121,0.733496333,94.53125,0.127726953,0.002370453,1,0.008483271,1,1,1,1,1
group_3832,,cpp9,3,7,406,121,0.733496333,94.53125,0.127726953,0.002370453,1,0.008483271,1,1,1,1,1
group_3834,,hypothetical protein,3,7,406,121,0.733496333,94.53125,0.127726953,0.002370453,1,0.008483271,1,1,1,1,1
group_3845,,hypothetical protein,3,7,406,121,0.733496333,94.53125,0.127726953,0.002370453,1,0.008483271,1,1,1,1,1
group_3846,,hypothetical protein,3,7,406,121,0.733496333,94.53125,0.127726953,0.002370453,1,0.008483271,1,1,1,1,1
group_3847,,"putative site-specific recombinase, phage integrase family",3,7,406,121,0.733496333,94.53125,0.127726953,0.002370453,1,0.008483271,1,1,1,1,1
group_220,,Putative uncharacterized protein,12,13,397,115,2.93398533,89.84375,0.267390041,0.002583638,1,0.008903753,1,1,1,1,1
group_2479,,hypothetical protein,12,13,397,115,2.93398533,89.84375,0.267390041,0.002583638,1,0.008903753,1,1,1,1,1
group_3066,,hypothetical protein,12,13,397,115,2.93398533,89.84375,0.267390041,0.002583638,1,0.008903753,1,1,1,1,1
traC,,Protein TraC,12,13,397,115,2.93398533,89.84375,0.267390041,0.002583638,1,0.008903753,1,1,1,1,1
group_3068,,hypothetical protein,12,13,397,115,2.93398533,89.84375,0.267390041,0.002583638,1,0.008903753,1,1,1,1,1
group_3069,rep,ATP-dependent DNA helicase Rep,12,13,397,115,2.93398533,89.84375,0.267390041,0.002583638,1,0.008903753,1,1,1,1,1
group_3070,,hypothetical protein,12,13,397,115,2.93398533,89.84375,0.267390041,0.002583638,1,0.008903753,1,1,1,1,1
group_3072,,hypothetical protein,12,13,397,115,2.93398533,89.84375,0.267390041,0.002583638,1,0.008903753,1,1,1,1,1
dnaG_2,,DNA primase,12,13,397,115,2.93398533,89.84375,0.267390041,0.002583638,1,0.008903753,1,1,1,1,1
group_3075,,hypothetical protein,12,13,397,115,2.93398533,89.84375,0.267390041,0.002583638,1,0.008903753,1,1,1,1,1
group_3077,,hypothetical protein,12,13,397,115,2.93398533,89.84375,0.267390041,0.002583638,1,0.008903753,1,1,1,1,1
group_3078,,hypothetical protein,12,13,397,115,2.93398533,89.84375,0.267390041,0.002583638,1,0.008903753,1,1,1,1,1
group_3079,,hypothetical protein,12,13,397,115,2.93398533,89.84375,0.267390041,0.002583638,1,0.008903753,1,1,1,1,1
group_3080,,hypothetical protein,12,13,397,115,2.93398533,89.84375,0.267390041,0.002583638,1,0.008903753,1,1,1,1,1
group_3081,,DNA/RNA non-specific endonuclease,12,13,397,115,2.93398533,89.84375,0.267390041,0.002583638,1,0.008903753,1,1,1,1,1
group_3084,,hypothetical protein,12,13,397,115,2.93398533,89.84375,0.267390041,0.002583638,1,0.008903753,1,1,1,1,1
group_3085,,hypothetical protein,12,13,397,115,2.93398533,89.84375,0.267390041,0.002583638,1,0.008903753,1,1,1,1,1
group_3770,,hypothetical protein,12,13,397,115,2.93398533,89.84375,0.267390041,0.002583638,1,0.008903753,1,1,1,1,1
group_3771,,hypothetical protein,12,13,397,115,2.93398533,89.84375,0.267390041,0.002583638,1,0.008903753,1,1,1,1,1
group_3772,,hypothetical protein,12,13,397,115,2.93398533,89.84375,0.267390041,0.002583638,1,0.008903753,1,1,1,1,1
group_3773,,hypothetical protein,12,13,397,115,2.93398533,89.84375,0.267390041,0.002583638,1,0.008903753,1,1,1,1,1
group_3774,,hypothetical protein,12,13,397,115,2.93398533,89.84375,0.267390041,0.002583638,1,0.008903753,1,1,1,1,1
group_3775,,hypothetical protein,12,13,397,115,2.93398533,89.84375,0.267390041,0.002583638,1,0.008903753,1,1,1,1,1
group_3776,,hypothetical protein,12,13,397,115,2.93398533,89.84375,0.267390041,0.002583638,1,0.008903753,1,1,1,1,1
group_3777,,hypothetical protein,12,13,397,115,2.93398533,89.84375,0.267390041,0.002583638,1,0.008903753,1,1,1,1,1
group_3778,,hypothetical protein,12,13,397,115,2.93398533,89.84375,0.267390041,0.002583638,1,0.008903753,1,1,1,1,1
group_3780,,hypothetical protein,12,13,397,115,2.93398533,89.84375,0.267390041,0.002583638,1,0.008903753,1,1,1,1,1
group_3787,,hypothetical protein,12,13,397,115,2.93398533,89.84375,0.267390041,0.002583638,1,0.008903753,1,1,1,1,1
group_3793,,hypothetical protein,12,13,397,115,2.93398533,89.84375,0.267390041,0.002583638,1,0.008903753,1,1,1,1,1
group_3794,,hypothetical protein,12,13,397,115,2.93398533,89.84375,0.267390041,0.002583638,1,0.008903753,1,1,1,1,1
tdk,,Thymidine kinase,12,13,397,115,2.93398533,89.84375,0.267390041,0.002583638,1,0.008903753,1,1,1,1,1
group_3801,,hypothetical protein,12,13,397,115,2.93398533,89.84375,0.267390041,0.002583638,1,0.008903753,1,1,1,1,1
group_3802,,hypothetical protein,12,13,397,115,2.93398533,89.84375,0.267390041,0.002583638,1,0.008903753,1,1,1,1,1
group_3803,,hypothetical protein,12,13,397,115,2.93398533,89.84375,0.267390041,0.002583638,1,0.008903753,1,1,1,1,1
group_3804,,hypothetical protein,12,13,397,115,2.93398533,89.84375,0.267390041,0.002583638,1,0.008903753,1,1,1,1,1
group_3805,,hypothetical protein,12,13,397,115,2.93398533,89.84375,0.267390041,0.002583638,1,0.008903753,1,1,1,1,1
group_3806,,hypothetical protein,12,13,397,115,2.93398533,89.84375,0.267390041,0.002583638,1,0.008903753,1,1,1,1,1
group_3808,,hypothetical protein,12,13,397,115,2.93398533,89.84375,0.267390041,0.002583638,1,0.008903753,1,1,1,1,1
group_3809,,Single-stranded DNA-binding protein,12,13,397,115,2.93398533,89.84375,0.267390041,0.002583638,1,0.008903753,1,1,1,1,1
group_3810,,hypothetical protein,12,13,397,115,2.93398533,89.84375,0.267390041,0.002583638,1,0.008903753,1,1,1,1,1
group_3812,,hypothetical protein,12,13,397,115,2.93398533,89.84375,0.267390041,0.002583638,1,0.008903753,1,1,1,1,1
group_3813,,hypothetical protein,12,13,397,115,2.93398533,89.84375,0.267390041,0.002583638,1,0.008903753,1,1,1,1,1
group_3814,,hypothetical protein,12,13,397,115,2.93398533,89.84375,0.267390041,0.002583638,1,0.008903753,1,1,1,1,1
group_3815,,hypothetical protein,12,13,397,115,2.93398533,89.84375,0.267390041,0.002583638,1,0.008903753,1,1,1,1,1
group_3816,,hypothetical protein,12,13,397,115,2.93398533,89.84375,0.267390041,0.002583638,1,0.008903753,1,1,1,1,1
group_3817,,hypothetical protein,12,13,397,115,2.93398533,89.84375,0.267390041,0.002583638,1,0.008903753,1,1,1,1,1
group_3818,,hypothetical protein,12,13,397,115,2.93398533,89.84375,0.267390041,0.002583638,1,0.008903753,1,1,1,1,1
group_3820,,putative CRISPR-associated protein,12,13,397,115,2.93398533,89.84375,0.267390041,0.002583638,1,0.008903753,1,1,1,1,1
group_3821,,hypothetical protein,12,13,397,115,2.93398533,89.84375,0.267390041,0.002583638,1,0.008903753,1,1,1,1,1
group_3823,,hypothetical protein,12,13,397,115,2.93398533,89.84375,0.267390041,0.002583638,1,0.008903753,1,1,1,1,1
group_3825,,hypothetical protein,12,13,397,115,2.93398533,89.84375,0.267390041,0.002583638,1,0.008903753,1,1,1,1,1
group_3826,,hypothetical protein,12,13,397,115,2.93398533,89.84375,0.267390041,0.002583638,1,0.008903753,1,1,1,1,1
group_3829,,hypothetical protein,12,13,397,115,2.93398533,89.84375,0.267390041,0.002583638,1,0.008903753,1,1,1,1,1
group_3831,,hypothetical protein,12,13,397,115,2.93398533,89.84375,0.267390041,0.002583638,1,0.008903753,1,1,1,1,1
group_3837,,hypothetical protein,12,13,397,115,2.93398533,89.84375,0.267390041,0.002583638,1,0.008903753,1,1,1,1,1
group_3838,,hypothetical protein,12,13,397,115,2.93398533,89.84375,0.267390041,0.002583638,1,0.008903753,1,1,1,1,1
group_3839,,hypothetical protein,12,13,397,115,2.93398533,89.84375,0.267390041,0.002583638,1,0.008903753,1,1,1,1,1
group_3840,,hypothetical protein,12,13,397,115,2.93398533,89.84375,0.267390041,0.002583638,1,0.008903753,1,1,1,1,1
group_3841,,hypothetical protein,12,13,397,115,2.93398533,89.84375,0.267390041,0.002583638,1,0.008903753,1,1,1,1,1
group_3842,,hypothetical protein,12,13,397,115,2.93398533,89.84375,0.267390041,0.002583638,1,0.008903753,1,1,1,1,1
group_3843,,hypothetical protein,12,13,397,115,2.93398533,89.84375,0.267390041,0.002583638,1,0.008903753,1,1,1,1,1
group_4206,,hypothetical protein,12,13,397,115,2.93398533,89.84375,0.267390041,0.002583638,1,0.008903753,1,1,1,1,1
group_3844,,hypothetical protein,12,13,397,115,2.93398533,89.84375,0.267390041,0.002583638,1,0.008903753,1,1,1,1,1
group_1999,,hypothetical protein,22,18,387,110,5.378973105,85.9375,0.347401665,0.003050696,1,0.010311757,1,1,1,1,1
group_5342,,"host-nuclease inhibitor protein Gam, putative",0,4,409,124,0,96.875,0,0.003113581,1,0.010311757,1,0,1,1,1
group_5343,,hypothetical protein,0,4,409,124,0,96.875,0,0.003113581,1,0.010311757,1,0,1,1,1
group_5344,,hypothetical protein,0,4,409,124,0,96.875,0,0.003113581,1,0.010311757,1,0,1,1,1
group_5345,,hypothetical protein,0,4,409,124,0,96.875,0,0.003113581,1,0.010311757,1,0,1,1,1
group_1040,maf7,motility accessory factor,0,4,409,124,0,96.875,0,0.003113581,1,0.010311757,1,0,1,1,1
group_1394,,hypothetical protein,0,4,409,124,0,96.875,0,0.003113581,1,0.010311757,1,0,1,1,1
group_1393,,hypothetical protein,0,4,409,124,0,96.875,0,0.003113581,1,0.010311757,1,0,1,1,1
group_2038,,hypothetical protein,0,4,409,124,0,96.875,0,0.003113581,1,0.010311757,1,0,1,1,1
group_189,cipA,Invasion phenotype protein,0,4,409,124,0,96.875,0,0.003113581,1,0.010311757,1,0,1,1,1
group_2496,maf7,motility accessory factor,0,4,409,124,0,96.875,0,0.003113581,1,0.010311757,1,0,1,1,1
group_2999,,hypothetical protein,0,4,409,124,0,96.875,0,0.003113581,1,0.010311757,1,0,1,1,1
group_3578,,hypothetical protein,0,4,409,124,0,96.875,0,0.003113581,1,0.010311757,1,0,1,1,1
group_5081,,"phage anti-repressor protein, putative",0,4,409,124,0,96.875,0,0.003113581,1,0.010311757,1,0,1,1,1
group_5082,,hypothetical protein,0,4,409,124,0,96.875,0,0.003113581,1,0.010311757,1,0,1,1,1
group_5083,,hypothetical protein,0,4,409,124,0,96.875,0,0.003113581,1,0.010311757,1,0,1,1,1
group_5084,,hypothetical protein,0,4,409,124,0,96.875,0,0.003113581,1,0.010311757,1,0,1,1,1
ydiO,,putative BsuMI modification methylase subunit YdiO,0,4,409,124,0,96.875,0,0.003113581,1,0.010311757,1,0,1,1,1
group_5519,,hypothetical protein,0,4,409,124,0,96.875,0,0.003113581,1,0.010311757,1,0,1,1,1
group_5520,,"phage repressor protein, putative",0,4,409,124,0,96.875,0,0.003113581,1,0.010311757,1,0,1,1,1
group_5521,,hypothetical protein,0,4,409,124,0,96.875,0,0.003113581,1,0.010311757,1,0,1,1,1
group_5522,,hypothetical protein,0,4,409,124,0,96.875,0,0.003113581,1,0.010311757,1,0,1,1,1
group_5523,,Putative uncharacterized protein,0,4,409,124,0,96.875,0,0.003113581,1,0.010311757,1,0,1,1,1
group_5524,dam,DNA adenine methylase,0,4,409,124,0,96.875,0,0.003113581,1,0.010311757,1,0,1,1,1
group_5525,,"phage virion morphogenesis protein, putative",0,4,409,124,0,96.875,0,0.003113581,1,0.010311757,1,0,1,1,1
group_5526,,"tail tape measure protein, TP901 family",0,4,409,124,0,96.875,0,0.003113581,1,0.010311757,1,0,1,1,1
group_5527,,hypothetical protein,0,4,409,124,0,96.875,0,0.003113581,1,0.010311757,1,0,1,1,1
group_5528,,"phage major tail tube protein, putative",0,4,409,124,0,96.875,0,0.003113581,1,0.010311757,1,0,1,1,1
group_5529,,major tail sheath protein,0,4,409,124,0,96.875,0,0.003113581,1,0.010311757,1,0,1,1,1
group_5530,,hypothetical protein,0,4,409,124,0,96.875,0,0.003113581,1,0.010311757,1,0,1,1,1
group_5531,,hypothetical protein,0,4,409,124,0,96.875,0,0.003113581,1,0.010311757,1,0,1,1,1
group_5532,,hypothetical protein,0,4,409,124,0,96.875,0,0.003113581,1,0.010311757,1,0,1,1,1
group_5533,,hypothetical protein,0,4,409,124,0,96.875,0,0.003113581,1,0.010311757,1,0,1,1,1
group_5534,,"phage tail protein, putative",0,4,409,124,0,96.875,0,0.003113581,1,0.010311757,1,0,1,1,1
group_5535,,"baseplate assembly protein J, putative",0,4,409,124,0,96.875,0,0.003113581,1,0.010311757,1,0,1,1,1
group_5536,,"baseplate assembly protein W, putative",0,4,409,124,0,96.875,0,0.003113581,1,0.010311757,1,0,1,1,1
group_5537,,hypothetical protein,0,4,409,124,0,96.875,0,0.003113581,1,0.010311757,1,0,1,1,1
group_5538,,hypothetical protein,0,4,409,124,0,96.875,0,0.003113581,1,0.010311757,1,0,1,1,1
group_5539,,Baseplate assembly protein V,0,4,409,124,0,96.875,0,0.003113581,1,0.010311757,1,0,1,1,1
group_5540,,hypothetical protein,0,4,409,124,0,96.875,0,0.003113581,1,0.010311757,1,0,1,1,1
group_5541,,hypothetical protein,0,4,409,124,0,96.875,0,0.003113581,1,0.010311757,1,0,1,1,1
group_5542,,"lipoprotein, putative",0,4,409,124,0,96.875,0,0.003113581,1,0.010311757,1,0,1,1,1
group_5543,,hypothetical protein,0,4,409,124,0,96.875,0,0.003113581,1,0.010311757,1,0,1,1,1
group_5544,,hypothetical protein,0,4,409,124,0,96.875,0,0.003113581,1,0.010311757,1,0,1,1,1
group_5545,,hypothetical protein,0,4,409,124,0,96.875,0,0.003113581,1,0.010311757,1,0,1,1,1
group_5546,,"Mu-like prophage I protein, putative",0,4,409,124,0,96.875,0,0.003113581,1,0.010311757,1,0,1,1,1
group_5547,,hypothetical protein,0,4,409,124,0,96.875,0,0.003113581,1,0.010311757,1,0,1,1,1
group_5548,,hypothetical protein,0,4,409,124,0,96.875,0,0.003113581,1,0.010311757,1,0,1,1,1
group_5549,,hypothetical protein,0,4,409,124,0,96.875,0,0.003113581,1,0.010311757,1,0,1,1,1
group_5550,,hypothetical protein,0,4,409,124,0,96.875,0,0.003113581,1,0.010311757,1,0,1,1,1
group_5551,,phage uncharacterized protein,0,4,409,124,0,96.875,0,0.003113581,1,0.010311757,1,0,1,1,1
group_5552,,hypothetical protein,0,4,409,124,0,96.875,0,0.003113581,1,0.010311757,1,0,1,1,1
group_5553,,"prophage MuSo1, F protein, putative",0,4,409,124,0,96.875,0,0.003113581,1,0.010311757,1,0,1,1,1
group_5554,,"phage tail protein, putative",0,4,409,124,0,96.875,0,0.003113581,1,0.010311757,1,0,1,1,1
group_5555,,"tail protein X, putative",0,4,409,124,0,96.875,0,0.003113581,1,0.010311757,1,0,1,1,1
group_5556,,"tail protein D, putative",0,4,409,124,0,96.875,0,0.003113581,1,0.010311757,1,0,1,1,1
group_5557,,"DNA-binding protein, putative",0,4,409,124,0,96.875,0,0.003113581,1,0.010311757,1,0,1,1,1
group_5558,dns,extracellular deoxyribonuclease,0,4,409,124,0,96.875,0,0.003113581,1,0.010311757,1,0,1,1,1
group_5559,,hypothetical protein,0,4,409,124,0,96.875,0,0.003113581,1,0.010311757,1,0,1,1,1
group_5560,,hypothetical protein,0,4,409,124,0,96.875,0,0.003113581,1,0.010311757,1,0,1,1,1
group_5561,,hypothetical protein,0,4,409,124,0,96.875,0,0.003113581,1,0.010311757,1,0,1,1,1
group_5562,,hypothetical protein,0,4,409,124,0,96.875,0,0.003113581,1,0.010311757,1,0,1,1,1
group_5563,,hypothetical protein,0,4,409,124,0,96.875,0,0.003113581,1,0.010311757,1,0,1,1,1
group_5564,,hypothetical protein,0,4,409,124,0,96.875,0,0.003113581,1,0.010311757,1,0,1,1,1
group_5565,,hypothetical protein,0,4,409,124,0,96.875,0,0.003113581,1,0.010311757,1,0,1,1,1
group_5566,,"bacteriophage DNA transposition protein B, putative",0,4,409,124,0,96.875,0,0.003113581,1,0.010311757,1,0,1,1,1
group_5567,,"bacteriophage DNA transposition protein A, putative",0,4,409,124,0,96.875,0,0.003113581,1,0.010311757,1,0,1,1,1
group_5568,,hypothetical protein,0,4,409,124,0,96.875,0,0.003113581,1,0.010311757,1,0,1,1,1
group_5569,,hypothetical protein,0,4,409,124,0,96.875,0,0.003113581,1,0.010311757,1,0,1,1,1
group_472,,hypothetical protein,22,0,387,128,5.378973105,100,inf,0.003655728,1,0.011992096,1,1,0,1,1
group_3482,,hypothetical protein,22,0,387,128,5.378973105,100,inf,0.003655728,1,0.011992096,1,1,0,1,1
group_2467,,hypothetical protein,22,0,387,128,5.378973105,100,inf,0.003655728,1,0.011992096,1,1,0,1,1
group_3675,,hypothetical protein,22,0,387,128,5.378973105,100,inf,0.003655728,1,0.011992096,1,1,0,1,1
group_3692,,hypothetical protein,22,0,387,128,5.378973105,100,inf,0.003655728,1,0.011992096,1,1,0,1,1
group_73,,Putative uncharacterized protein,22,0,387,128,5.378973105,100,inf,0.003655728,1,0.011992096,1,1,0,1,1
group_1986,,cpp23,22,0,387,128,5.378973105,100,inf,0.003655728,1,0.011992096,1,1,0,1,1
group_3428,,hypothetical protein,22,0,387,128,5.378973105,100,inf,0.003655728,1,0.011992096,1,1,0,1,1
group_3500,,hypothetical protein,22,0,387,128,5.378973105,100,inf,0.003655728,1,0.011992096,1,1,0,1,1
group_3505,,hypothetical protein,22,0,387,128,5.378973105,100,inf,0.003655728,1,0.011992096,1,1,0,1,1
group_351,,hypothetical protein,22,0,387,128,5.378973105,100,inf,0.003655728,1,0.011992096,1,1,0,1,1
group_3511,,hypothetical protein,22,0,387,128,5.378973105,100,inf,0.003655728,1,0.011992096,1,1,0,1,1
group_3512,,hypothetical protein,22,0,387,128,5.378973105,100,inf,0.003655728,1,0.011992096,1,1,0,1,1
group_3513,,hypothetical protein,22,0,387,128,5.378973105,100,inf,0.003655728,1,0.011992096,1,1,0,1,1
group_3514,,hypothetical protein,22,0,387,128,5.378973105,100,inf,0.003655728,1,0.011992096,1,1,0,1,1
group_3519,,hypothetical protein,22,0,387,128,5.378973105,100,inf,0.003655728,1,0.011992096,1,1,0,1,1
group_3520,,cpp9,22,0,387,128,5.378973105,100,inf,0.003655728,1,0.011992096,1,1,0,1,1
group_190,,Putative uncharacterized protein,109,52,300,76,26.65036675,59.375,0.531025641,0.003908325,1,0.012813537,1,1,1,1,1
group_2842,,D12 class N6 adenine-specific DNA methyltransferase,398,116,11,12,97.31051345,9.375,3.742946708,0.004096469,1,0.013407874,1,1,1,1,1
group_3047,,D12 class N6 adenine-specific DNA methyltransferase,11,12,398,116,2.689486553,90.625,0.267169179,0.004096469,1,0.013407874,1,1,1,1,1
group_3717,,hypothetical protein,11,12,398,116,2.689486553,90.625,0.267169179,0.004096469,1,0.013407874,1,1,1,1,1
group_3004,,hypothetical protein,12,12,397,116,2.93398533,90.625,0.292191436,0.00514647,1,0.016825772,1,1,1,1,1
group_3552,,Putative acyl carrier protein,12,12,397,116,2.93398533,90.625,0.292191436,0.00514647,1,0.016825772,1,1,1,1,1
group_674,,hypothetical protein,28,1,381,127,6.84596577,99.21875,9.333333333,0.005866481,1,0.01916907,1,1,1,1,1
group_1362,,hypothetical protein,77,11,332,117,18.82640587,91.40625,2.46686747,0.005940031,1,0.019398584,1,1,1,1,1
group_1267,,"acetyltransferase, GNAT family",389,128,20,0,95.11002445,0,0,0.006024983,1,0.01950218,1,0,1,1,1
group_2903,,L-Proline/Glycine betaine transporter ProP,20,0,389,128,4.88997555,100,inf,0.006024983,1,0.01950218,1,1,0,1,1
group_2915,,hypothetical protein,20,0,389,128,4.88997555,100,inf,0.006024983,1,0.01950218,1,1,0,1,1
group_3358,,hypothetical protein,20,0,389,128,4.88997555,100,inf,0.006024983,1,0.01950218,1,1,0,1,1
ldh_2,,L-lactate dehydrogenase,20,0,389,128,4.88997555,100,inf,0.006024983,1,0.01950218,1,1,0,1,1
group_1122,,putative dehydrogenase,20,0,389,128,4.88997555,100,inf,0.006024983,1,0.01950218,1,1,0,1,1
group_1608,,hypothetical protein,20,0,389,128,4.88997555,100,inf,0.006024983,1,0.01950218,1,1,0,1,1
group_3722,,2-oxoglutarate/malate translocator,20,0,389,128,4.88997555,100,inf,0.006024983,1,0.01950218,1,1,0,1,1
group_3725,,hypothetical protein,20,0,389,128,4.88997555,100,inf,0.006024983,1,0.01950218,1,1,0,1,1
group_496,,hypothetical protein,20,0,389,128,4.88997555,100,inf,0.006024983,1,0.01950218,1,1,0,1,1
proP_2,,Proline/betaine transporter (ProP),20,0,389,128,4.88997555,100,inf,0.006024983,1,0.01950218,1,1,0,1,1
group_2381,,putative relaxase,20,0,389,128,4.88997555,100,inf,0.006024983,1,0.01950218,1,1,0,1,1
group_3437,,hypothetical protein,20,0,389,128,4.88997555,100,inf,0.006024983,1,0.01950218,1,1,0,1,1
group_3448,,putative RelE/StbE family addiction module toxin,20,0,389,128,4.88997555,100,inf,0.006024983,1,0.01950218,1,1,0,1,1
group_688,,hypothetical protein,20,0,389,128,4.88997555,100,inf,0.006024983,1,0.01950218,1,1,0,1,1
group_928,,hypothetical protein,20,0,389,128,4.88997555,100,inf,0.006024983,1,0.01950218,1,1,0,1,1
group_1121,,"Gluconate 2-dehydrogenase, membrane-bound, flavoprotein",21,0,388,128,5.134474328,100,inf,0.006536004,1,0.020856861,1,1,0,1,1
group_1502,,oxidoreductase,21,0,388,128,5.134474328,100,inf,0.006536004,1,0.020856861,1,1,0,1,1
group_667,,hypothetical protein,21,0,388,128,5.134474328,100,inf,0.006536004,1,0.020856861,1,1,0,1,1
group_2013,,putative ATP/GTP binding protein,21,0,388,128,5.134474328,100,inf,0.006536004,1,0.020856861,1,1,0,1,1
group_2507,,hypothetical protein,21,0,388,128,5.134474328,100,inf,0.006536004,1,0.020856861,1,1,0,1,1
group_3660,,membrane protein,21,0,388,128,5.134474328,100,inf,0.006536004,1,0.020856861,1,1,0,1,1
group_593,kgtP_1,alpha-ketoglutarate permease,21,0,388,128,5.134474328,100,inf,0.006536004,1,0.020856861,1,1,0,1,1
group_1150,,hypothetical protein,21,0,388,128,5.134474328,100,inf,0.006536004,1,0.020856861,1,1,0,1,1
group_3040,,hypothetical protein,21,0,388,128,5.134474328,100,inf,0.006536004,1,0.020856861,1,1,0,1,1
group_2468,,hypothetical protein,21,0,388,128,5.134474328,100,inf,0.006536004,1,0.020856861,1,1,0,1,1
group_3041,,hypothetical protein,21,0,388,128,5.134474328,100,inf,0.006536004,1,0.020856861,1,1,0,1,1
group_3042,,hypothetical protein,21,0,388,128,5.134474328,100,inf,0.006536004,1,0.020856861,1,1,0,1,1
group_3045,dmsC,Cj81-083,21,0,388,128,5.134474328,100,inf,0.006536004,1,0.020856861,1,1,0,1,1
group_3674,,hypothetical protein,21,0,388,128,5.134474328,100,inf,0.006536004,1,0.020856861,1,1,0,1,1
group_3676,,"RloG protein, putative",21,0,388,128,5.134474328,100,inf,0.006536004,1,0.020856861,1,1,0,1,1
group_3688,,hypothetical protein,21,0,388,128,5.134474328,100,inf,0.006536004,1,0.020856861,1,1,0,1,1
group_3689,,hypothetical protein,21,0,388,128,5.134474328,100,inf,0.006536004,1,0.020856861,1,1,0,1,1
group_732,,"hydrogenase, (NiFe)/(NiFeSe) small subunit family",21,0,388,128,5.134474328,100,inf,0.006536004,1,0.020856861,1,1,0,1,1
group_345,,Putative periplasmic protein,21,0,388,128,5.134474328,100,inf,0.006536004,1,0.020856861,1,1,0,1,1
group_1025,,hypothetical protein,21,0,388,128,5.134474328,100,inf,0.006536004,1,0.020856861,1,1,0,1,1
group_1963,,hypothetical protein,21,0,388,128,5.134474328,100,inf,0.006536004,1,0.020856861,1,1,0,1,1
group_2946,topA,DNA topoisomerase I,21,0,388,128,5.134474328,100,inf,0.006536004,1,0.020856861,1,1,0,1,1
group_3438,,hypothetical protein,21,0,388,128,5.134474328,100,inf,0.006536004,1,0.020856861,1,1,0,1,1
group_3446,,hypothetical protein,21,0,388,128,5.134474328,100,inf,0.006536004,1,0.020856861,1,1,0,1,1
group_3515,,hypothetical protein,21,0,388,128,5.134474328,100,inf,0.006536004,1,0.020856861,1,1,0,1,1
group_3736,,hypothetical protein,21,0,388,128,5.134474328,100,inf,0.006536004,1,0.020856861,1,1,0,1,1
group_2001,,hypothetical protein,59,32,350,96,14.42542787,75,0.505714286,0.006939943,1,0.022133812,1,1,1,1,1
group_109,,hypothetical protein,261,98,148,30,63.81418093,23.4375,0.539851076,0.007239949,1,0.023078075,1,1,1,1,1
group_38,maf-3,Motility accessory factor,3,6,406,122,0.733496333,95.3125,0.150246305,0.007305273,1,0.023273647,1,1,1,1,1
group_298,,hypothetical protein,46,27,363,101,11.24694377,78.90625,0.474033262,0.007335265,1,0.023356503,1,1,1,1,1
ybbB_2,,GTP-binding protein,18,0,391,128,4.400977995,100,inf,0.009984289,1,0.031670943,1,1,0,1,1
cheR_2,,Chemotaxis protein methyltransferase,18,0,391,128,4.400977995,100,inf,0.009984289,1,0.031670943,1,1,0,1,1
group_726,wcbK,GDP-D-mannose dehydratase,18,0,391,128,4.400977995,100,inf,0.009984289,1,0.031670943,1,1,0,1,1
group_352,,hypothetical protein,18,0,391,128,4.400977995,100,inf,0.009984289,1,0.031670943,1,1,0,1,1
group_5093,,hypothetical protein,18,0,391,128,4.400977995,100,inf,0.009984289,1,0.031670943,1,1,0,1,1
group_1693,hddC_2,capsular polysaccharide heptosyltransferase,18,0,391,128,4.400977995,100,inf,0.009984289,1,0.031670943,1,1,0,1,1
group_413,,Capsular polysaccharide biosynthesis heptosyltransferase HddD,18,0,391,128,4.400977995,100,inf,0.009984289,1,0.031670943,1,1,0,1,1
group_1175,,"tail protein D, putative",19,0,390,128,4.645476773,100,inf,0.010496497,1,0.033145987,1,1,0,1,1
group_1606,,hypothetical protein,19,0,390,128,4.645476773,100,inf,0.010496497,1,0.033145987,1,1,0,1,1
group_66,,hypothetical protein (617 family),19,0,390,128,4.645476773,100,inf,0.010496497,1,0.033145987,1,1,0,1,1
group_3037,,hypothetical protein,19,0,390,128,4.645476773,100,inf,0.010496497,1,0.033145987,1,1,0,1,1
group_63,,hypothetical protein (617 family),19,0,390,128,4.645476773,100,inf,0.010496497,1,0.033145987,1,1,0,1,1
group_1027,,hypothetical protein,19,0,390,128,4.645476773,100,inf,0.010496497,1,0.033145987,1,1,0,1,1
group_34,maf4,motility accessory factor,19,0,390,128,4.645476773,100,inf,0.010496497,1,0.033145987,1,1,0,1,1
group_887,,hypothetical protein,19,0,390,128,4.645476773,100,inf,0.010496497,1,0.033145987,1,1,0,1,1
group_215,,putative transmembrane protein,12,11,397,117,2.93398533,91.40625,0.321502175,0.010500187,1,0.033145987,1,1,1,1,1
group_382,,cpp21,1,4,408,124,0.244498778,96.875,0.075980392,0.012670463,1,0.039975378,1,1,1,1,1
group_1315,,cytochrome c family protein,0,3,409,125,0,97.65625,0,0.013301217,1,0.041607115,1,0,1,1,1
group_2028,,Putative integral membrane protein,0,3,409,125,0,97.65625,0,0.013301217,1,0.041607115,1,0,1,1,1
group_1616,,Putative uncharacterized protein,0,3,409,125,0,97.65625,0,0.013301217,1,0.041607115,1,0,1,1,1
group_110,,hypothetical protein,0,3,409,125,0,97.65625,0,0.013301217,1,0.041607115,1,0,1,1,1
group_1398,,putative sugar transferase,0,3,409,125,0,97.65625,0,0.013301217,1,0.041607115,1,0,1,1,1
group_28,maf-3,motility accessory factor,0,3,409,125,0,97.65625,0,0.013301217,1,0.041607115,1,0,1,1,1
group_3574,,hypothetical protein,0,3,409,125,0,97.65625,0,0.013301217,1,0.041607115,1,0,1,1,1
group_3575,,hypothetical protein,0,3,409,125,0,97.65625,0,0.013301217,1,0.041607115,1,0,1,1,1
group_3576,,hypothetical protein,0,3,409,125,0,97.65625,0,0.013301217,1,0.041607115,1,0,1,1,1
group_3577,,hypothetical protein,0,3,409,125,0,97.65625,0,0.013301217,1,0.041607115,1,0,1,1,1
group_3579,,hypothetical protein,0,3,409,125,0,97.65625,0,0.013301217,1,0.041607115,1,0,1,1,1
group_3580,,hypothetical protein,0,3,409,125,0,97.65625,0,0.013301217,1,0.041607115,1,0,1,1,1
group_3581,,hypothetical protein,0,3,409,125,0,97.65625,0,0.013301217,1,0.041607115,1,0,1,1,1
group_3584,,hypothetical protein,0,3,409,125,0,97.65625,0,0.013301217,1,0.041607115,1,0,1,1,1
group_767,,Putative integral membrane protein,0,3,409,125,0,97.65625,0,0.013301217,1,0.041607115,1,0,1,1,1
group_978,,Putative uncharacterized protein,0,3,409,125,0,97.65625,0,0.013301217,1,0.041607115,1,0,1,1,1
group_335,,Putative periplasmic protein,231,88,178,40,56.4792176,31.25,0.58988764,0.013591388,1,0.042492116,1,1,1,1,1
sdaA,,L-serine ammonia-lyase,349,120,60,8,85.33007335,6.25,0.387777778,0.014038606,1,0.043843532,1,1,1,1,1
group_2200,sdaA,L-serine ammonia-lyase,60,8,349,120,14.66992665,93.75,2.578796562,0.014038606,1,0.043843532,1,1,1,1,1
group_910,,polysaccharide deacetylase family protein,4,6,405,122,0.97799511,95.3125,0.200823045,0.014707503,1,0.045883652,1,1,1,1,1
group_1397,,putative glycosyltransferase,4,6,405,122,0.97799511,95.3125,0.200823045,0.014707503,1,0.045883652,1,1,1,1,1
group_1181,traN,hypothetical protein,14,12,395,116,3.422982885,90.625,0.342616034,0.015564824,1,0.048532446,1,1,1,1,1
group_1460,ogt,Methylated-DNA--protein-cysteine methyltransferase,40,4,369,124,9.7799511,96.875,3.360433604,0.015599231,1,0.048613872,1,1,1,1,1
group_1926,fmt_1,Methionyl-tRNA formyltransferase,71,11,338,117,17.3594132,91.40625,2.234265734,0.016350733,1,0.050928799,1,1,1,1,1
group_439,,hypothetical protein,35,3,374,125,8.557457213,97.65625,3.899286988,0.016503951,1,0.051351467,1,1,1,1,1
group_179,maf-5,hypothetical protein,35,3,374,125,8.557457213,97.65625,3.899286988,0.016503951,1,0.051351467,1,1,1,1,1
group_3271,,Transcriptional regulatory protein,393,128,16,0,96.08801956,0,0,0.016628314,1,0.051410958,1,0,1,1,1
group_697,,Cytochrome C,393,128,16,0,96.08801956,0,0,0.016628314,1,0.051410958,1,0,1,1,1
group_869,,hypothetical protein,16,0,393,128,3.91198044,100,inf,0.016628314,1,0.051410958,1,1,0,1,1
group_142,,Putative outer-membrane protein,16,0,393,128,3.91198044,100,inf,0.016628314,1,0.051410958,1,1,0,1,1
group_1604,,di-/tripeptide transporter,16,0,393,128,3.91198044,100,inf,0.016628314,1,0.051410958,1,1,0,1,1
group_213,,putative transmembrane protein,16,0,393,128,3.91198044,100,inf,0.016628314,1,0.051410958,1,1,0,1,1
group_311,dapH,hypothetical protein,16,0,393,128,3.91198044,100,inf,0.016628314,1,0.051410958,1,1,0,1,1
group_4124,,cpp21,16,0,393,128,3.91198044,100,inf,0.016628314,1,0.051410958,1,1,0,1,1
group_174,flaA,flagellin B,16,0,393,128,3.91198044,100,inf,0.016628314,1,0.051410958,1,1,0,1,1
group_3766,,hypothetical protein,16,0,393,128,3.91198044,100,inf,0.016628314,1,0.051410958,1,1,0,1,1
group_4126,,Transcriptional regulatory protein,16,0,393,128,3.91198044,100,inf,0.016628314,1,0.051410958,1,1,0,1,1
group_915,,formyl transferase domain protein,16,0,393,128,3.91198044,100,inf,0.016628314,1,0.051410958,1,1,0,1,1
group_854,,MmgE/PrpD family protein,392,128,17,0,95.84352078,0,0,0.01696862,1,0.052270126,1,0,1,1,1
group_2879,,"tail tape measure protein, TP901 family",17,0,392,128,4.156479218,100,inf,0.01696862,1,0.052270126,1,1,0,1,1
group_1140,,capsular polysaccharide biosynthesis protein,17,0,392,128,4.156479218,100,inf,0.01696862,1,0.052270126,1,1,0,1,1
group_3682,,hypothetical protein,17,0,392,128,4.156479218,100,inf,0.01696862,1,0.052270126,1,1,0,1,1
group_1155,,hypothetical protein,17,0,392,128,4.156479218,100,inf,0.01696862,1,0.052270126,1,1,0,1,1
group_567,,"D12 class N6 adenine-specific DNA methyltransferase, putative",17,0,392,128,4.156479218,100,inf,0.01696862,1,0.052270126,1,1,0,1,1
group_891,,hypothetical protein,17,0,392,128,4.156479218,100,inf,0.01696862,1,0.052270126,1,1,0,1,1
group_1007,,Putative integral membrane protein,333,91,76,37,81.41809291,28.90625,1.78152111,0.017782188,1,0.054747473,1,1,1,1,1
group_482,,methyl-accepting chemotaxis protein,15,12,394,116,3.667481663,90.625,0.368020305,0.017928223,1,0.055168107,1,1,1,1,1
group_2384,,hypothetical protein,101,19,308,109,24.69437653,85.15625,1.881237184,0.020733617,1,0.063767294,1,1,1,1,1
group_530,,"membrane protein, putative",161,36,248,92,39.36430318,71.875,1.659050179,0.021213482,1,0.065208932,1,1,1,1,1
group_1042,,"acetyltransferase, GNAT family",69,11,340,117,16.87041565,91.40625,2.15855615,0.022545433,1,0.069266945,1,1,1,1,1
group_3597,,hypothetical protein,65,32,344,96,15.89242054,75,0.566860465,0.024859201,1,0.076335588,1,1,1,1,1
group_3708,dmsB,Anaerobic dimethyl sulfoxide reductase chain B,15,0,394,128,3.667481663,100,inf,0.027612025,1,0.084443,1,1,0,1,1
group_902,,hypothetical protein,15,0,394,128,3.667481663,100,inf,0.027612025,1,0.084443,1,1,0,1,1
group_1548,cytC,cytochrome C biogenesis protein (Ycf5),15,0,394,128,3.667481663,100,inf,0.027612025,1,0.084443,1,1,0,1,1
group_33,maf4,motility accessory factor,15,0,394,128,3.667481663,100,inf,0.027612025,1,0.084443,1,1,0,1,1
group_498,,hypothetical protein,15,0,394,128,3.667481663,100,inf,0.027612025,1,0.084443,1,1,0,1,1
group_500,,hypothetical protein,15,0,394,128,3.667481663,100,inf,0.027612025,1,0.084443,1,1,0,1,1
group_266,,putative sugar nucleotidyltransferase,14,0,395,128,3.422982885,100,inf,0.027816348,1,0.084443,1,1,0,1,1
group_2911,,capsule biosynthesis phosphatase,14,0,395,128,3.422982885,100,inf,0.027816348,1,0.084443,1,1,0,1,1
group_2993,,hypothetical protein,14,0,395,128,3.422982885,100,inf,0.027816348,1,0.084443,1,1,0,1,1
group_396,,Putative outer-membrane protein,14,0,395,128,3.422982885,100,inf,0.027816348,1,0.084443,1,1,0,1,1
group_3219,,Putative uncharacterized protein,14,0,395,128,3.422982885,100,inf,0.027816348,1,0.084443,1,1,0,1,1
group_3534,flgE-2,Flagellar hook subunit protein,14,0,395,128,3.422982885,100,inf,0.027816348,1,0.084443,1,1,0,1,1
group_486,,methyl-accepting chemotaxis protein,14,0,395,128,3.422982885,100,inf,0.027816348,1,0.084443,1,1,0,1,1
group_900,,hypothetical protein,14,0,395,128,3.422982885,100,inf,0.027816348,1,0.084443,1,1,0,1,1
group_1147,,hypothetical protein,14,0,395,128,3.422982885,100,inf,0.027816348,1,0.084443,1,1,0,1,1
group_1158,,hypothetical protein,14,0,395,128,3.422982885,100,inf,0.027816348,1,0.084443,1,1,0,1,1
group_1250,,"site-specific recombinase, phage integrase family",14,0,395,128,3.422982885,100,inf,0.027816348,1,0.084443,1,1,0,1,1
group_130,,putative periplasmic protein,14,0,395,128,3.422982885,100,inf,0.027816348,1,0.084443,1,1,0,1,1
group_283,,hypothetical protein,14,0,395,128,3.422982885,100,inf,0.027816348,1,0.084443,1,1,0,1,1
group_331,,Putative periplasmic protein,14,0,395,128,3.422982885,100,inf,0.027816348,1,0.084443,1,1,0,1,1
group_3904,,hypothetical protein,14,0,395,128,3.422982885,100,inf,0.027816348,1,0.084443,1,1,0,1,1
group_494,,hypothetical protein,14,0,395,128,3.422982885,100,inf,0.027816348,1,0.084443,1,1,0,1,1
group_654,,Putative uncharacterized protein,291,104,118,24,71.14914425,18.75,0.569100391,0.028741355,1,0.087205912,1,1,1,1,1
porA,,major outer membrane protein,290,77,119,51,70.90464548,39.84375,1.614100186,0.029134571,1,0.088353261,1,1,1,1,1
group_3113,,hypothetical protein,41,5,368,123,10.02444988,96.09375,2.74076087,0.030016217,1,0.090979867,1,1,1,1,1
group_326,fliK,putative flagellar hook-length control protein,63,31,346,97,15.40342298,75.78125,0.569737087,0.032246239,1,0.097688606,1,1,1,1,1
group_1313,,cytochrome c family protein,257,94,152,34,62.83618582,26.5625,0.61156215,0.033037852,1,0.100035067,1,1,1,1,1
group_144,,Putative outer-membrane protein,70,12,339,116,17.11491443,90.625,1.996066863,0.034778243,1,0.105250418,1,1,1,1,1
group_41,pseD,PseD protein,20,13,389,115,4.88997555,89.84375,0.454815108,0.036146103,1,0.109277182,1,1,1,1,1
group_1605,,hypothetical protein,20,13,389,115,4.88997555,89.84375,0.454815108,0.036146103,1,0.109277182,1,1,1,1,1
flaB,,flagellin,347,118,62,10,84.84107579,7.8125,0.474302898,0.036926614,1,0.111579285,1,1,1,1,1
group_1119,,"oxidoreductase, putative",388,127,21,1,94.86552567,0.78125,0.145481815,0.037155998,1,0.11221456,1,1,1,1,1
group_1789,,Putative uncharacterized protein,405,123,4,5,99.02200489,3.90625,4.115853659,0.039080699,1,0.117966558,1,1,1,1,1
group_1551,cytC,cytochrome c biogenesis protein,119,25,290,103,29.09535452,80.46875,1.69062069,0.039263428,1,0.118457135,1,1,1,1,1
group_1203,,Putative oxidoreductase subunit,1,3,408,125,0.244498778,97.65625,0.102124183,0.043864126,1,0.132269293,1,1,1,1,1
group_1618,,hypothetical protein,48,7,361,121,11.73594132,94.53125,2.298377523,0.044725289,1,0.134353054,1,1,1,1,1
group_299,,hypothetical protein,18,12,391,116,4.400977995,90.625,0.445012788,0.045125216,1,0.134353054,1,1,1,1,1
group_1361,,hypothetical protein,138,56,271,72,33.7408313,56.25,0.654717976,0.045208271,1,0.134353054,1,1,1,1,1
group_2565,,hypothetical protein,13,0,396,128,3.178484108,100,inf,0.045219818,1,0.134353054,1,1,0,1,1
group_1688,,Putative periplasmic protein,13,0,396,128,3.178484108,100,inf,0.045219818,1,0.134353054,1,1,0,1,1
group_1678,,"beta-1,4-N-acetylgalactosaminyltransferase",13,0,396,128,3.178484108,100,inf,0.045219818,1,0.134353054,1,1,0,1,1
group_3318,,"DNA-binding protein, putative",13,0,396,128,3.178484108,100,inf,0.045219818,1,0.134353054,1,1,0,1,1
group_2877,,hypothetical protein,13,0,396,128,3.178484108,100,inf,0.045219818,1,0.134353054,1,1,0,1,1
group_941,dcuB,anaerobic C4-dicarboxylate membrane transporter DcuB,13,0,396,128,3.178484108,100,inf,0.045219818,1,0.134353054,1,1,0,1,1
group_3245,,hypothetical protein,13,0,396,128,3.178484108,100,inf,0.045219818,1,0.134353054,1,1,0,1,1
group_155,,putative outer membrane protein,13,0,396,128,3.178484108,100,inf,0.045219818,1,0.134353054,1,1,0,1,1
group_2501,,cpp8,13,0,396,128,3.178484108,100,inf,0.045219818,1,0.134353054,1,1,0,1,1
group_5354,,"RloG protein, putative",13,0,396,128,3.178484108,100,inf,0.045219818,1,0.134353054,1,1,0,1,1
group_5355,,hypothetical protein,13,0,396,128,3.178484108,100,inf,0.045219818,1,0.134353054,1,1,0,1,1
group_3683,,hypothetical protein,13,0,396,128,3.178484108,100,inf,0.045219818,1,0.134353054,1,1,0,1,1
group_3036,,hypothetical protein,13,0,396,128,3.178484108,100,inf,0.045219818,1,0.134353054,1,1,0,1,1
group_3039,,hypothetical protein,13,0,396,128,3.178484108,100,inf,0.045219818,1,0.134353054,1,1,0,1,1
group_3668,,hypothetical protein,13,0,396,128,3.178484108,100,inf,0.045219818,1,0.134353054,1,1,0,1,1
group_3669,,hypothetical protein,13,0,396,128,3.178484108,100,inf,0.045219818,1,0.134353054,1,1,0,1,1
group_3671,,hypothetical protein,13,0,396,128,3.178484108,100,inf,0.045219818,1,0.134353054,1,1,0,1,1
group_3672,,hypothetical protein,13,0,396,128,3.178484108,100,inf,0.045219818,1,0.134353054,1,1,0,1,1
group_3681,,hypothetical protein,13,0,396,128,3.178484108,100,inf,0.045219818,1,0.134353054,1,1,0,1,1
group_3686,,hypothetical protein,13,0,396,128,3.178484108,100,inf,0.045219818,1,0.134353054,1,1,0,1,1
group_3690,,hypothetical protein,13,0,396,128,3.178484108,100,inf,0.045219818,1,0.134353054,1,1,0,1,1
group_3691,,hypothetical protein,13,0,396,128,3.178484108,100,inf,0.045219818,1,0.134353054,1,1,0,1,1
group_1265,,putative integral membrane protein,13,0,396,128,3.178484108,100,inf,0.045219818,1,0.134353054,1,1,0,1,1
group_275,astA_1,Arylsulfotransferase,13,0,396,128,3.178484108,100,inf,0.045219818,1,0.134353054,1,1,0,1,1
group_449,,Cj81-027,13,0,396,128,3.178484108,100,inf,0.045219818,1,0.134353054,1,1,0,1,1
group_885,,hypothetical protein,13,0,396,128,3.178484108,100,inf,0.045219818,1,0.134353054,1,1,0,1,1
group_1353,,putative transferase,138,31,271,97,33.7408313,75.78125,1.59338174,0.049492766,1,0.14697396,1,1,1,1,1
